id,title,info,num_comments,num_votes,rating,time,difficulty,date,calories
100401040226926,Banana Baby,Unbekannt,5,2,3.0,10,0,2002-12-30,Unbekannt
100411040228201,Coconut Dream,Unbekannt,5,2,3.5,10,0,2002-12-30,Unbekannt
1017621206972972,Topf - der wohl größte Cocktail der Welt,Unbekannt,4,2,3.75,10,0,2008-04-01,Unbekannt
103501042187802,Harvey Wallbanger,Unbekannt,1,2,3.75,2,0,2003-01-13,Unbekannt
1050161209976398,Papaya - Bananen - Smoothie,Unbekannt,14,11,4.14,15,1,2018-12-11,Unbekannt
1050181209976653,Bombay Crushed,Unbekannt,6,5,4.5,15,0,2018-12-11,262
1050391209981859,Cassis - Sorbet,Unbekannt,7,2,3.5,15,0,2008-05-05,81
107921045325931,Cuba Martillo,Unbekannt,2,1,3.0,2,0,2003-02-16,Unbekannt
1086411214551428,Lila Hexentrunk,Unbekannt,1,1,3.67,10,0,2008-06-30,Unbekannt
1096671215675259,Hugo,erfrischendes Sommergetränk - heißt wirklich so,132,17,4.58,5,0,2008-07-10,Unbekannt
1100831216044055,Peach Royal,Pfirsich - Orange - Sekt,2,6,3.5,1,0,2008-07-14,Unbekannt
1101491216114668,Mango Colada,Unbekannt,1,1,3.33,5,0,2008-07-15,Unbekannt
1104051216389258,Schmidt Special,Der Vater eines Freundes gab diesem Cocktail seinen Namen,3,3,3.67,3,0,2008-07-18,Unbekannt
1109071216987562,Sex on the Beach,Unbekannt,2,2,3.67,2,0,2008-07-25,Unbekannt
1120911218370304,Southern Sunrise,Ganz einfach und superlecker! Die Südstaaten - Variante von Tequila Sunrise,1,4,4.13,2,0,2008-08-10,Unbekannt
1123731218698286,Cocktail à la romaine,Unbekannt,0,1,3.0,5,0,2008-08-14,Unbekannt
112661047281382,Strawberry Colada,Cocktail,11,1,3.77,3,0,2003-03-10,Unbekannt
1132481219597480,Rote Mühle,Cocktail,0,1,0.0,2,0,2008-08-25,Unbekannt
1143291220692353,Scream,Ein Jägermeister - Cocktail,0,1,4.0,2,0,2008-09-06,Unbekannt
1145511220884608,Manolo - Tonic - Martini,Sex and the City - Cocktail,0,1,3.0,2,0,2008-09-08,Unbekannt
1146441220967574,Prosecco - Aperitif,"mit Campari und Limette, angenehm erfrischend",4,2,4.13,5,0,2008-09-09,Unbekannt
1146531220968934,Pfirsich - Cocktail,mit Prosecco,0,1,0.0,5,1,2008-09-09,Unbekannt
1149511221225926,Eselchens Swimming Pool - Cocktail,erfrischend lecker,1,4,4.0,5,0,2008-09-12,Unbekannt
1153461221570291,Mojito,Unbekannt,8,1,3.53,5,0,2008-09-16,Unbekannt
1172381223368814,Staubsauger,Cocktail,1,1,3.6,2,0,2008-10-07,Unbekannt
117351049708977,Martini Dry,Unbekannt,5,1,2.75,5,0,2003-04-07,Unbekannt
1173741223532710,Blue Champagne Diani,Sundowner,0,3,3.0,5,0,2008-10-09,Unbekannt
1173931223539536,Caipirol,der beste Cocktail der Welt!,9,2,4.13,3,0,2008-10-09,Unbekannt
1177611223913558,Times Square,Cocktail,5,1,3.6,5,0,2008-10-14,Unbekannt
1185291224508282,Erdbeerherzen in Sekt oder Champagner,sehr leckerer Aperitif,1,2,3.0,10,0,2008-10-20,Unbekannt
1189211224782126,'Schnecken' - Saft,schneller alkoholfreier Cocktail für den Kindergeburtstag und die Halloweenparty,29,6,3.72,5,0,2008-10-24,Unbekannt
1189331224788602,Big Apple 43,Unbekannt,0,1,0.0,2,0,2008-10-24,Unbekannt
1191261224953261,Whisky Sour,das Original,12,2,4.2,5,0,2008-10-26,Unbekannt
1192491225039446,Venus - Cocktail,-alkoholfrei-,1,4,4.0,10,0,2008-10-26,116
119271050681203,Erfrischungsdrink,Unbekannt,6,1,3.67,5,0,2003-04-20,Unbekannt
1197061225473940,Himbeer - Mojito,fruchtig - frisch mit einem Hauch von Minze,4,1,3.63,2,0,2009-05-06,Unbekannt
1198451225727070,Bailys selbstgemacht,Unbekannt,21,4,4.35,3,0,2008-11-03,Unbekannt
1198891225792990,Adios Amigos,Unbekannt,0,1,3.33,5,0,2008-11-04,Unbekannt
1198901225793056,Alabama Slammer,Short - Drink,4,1,3.5,5,0,2008-11-04,Unbekannt
1202631226047459,Shirley Temple á la Laabertasche,alkoholfreier Cocktail,7,3,3.83,5,0,2008-11-07,Unbekannt
1203981226169819,Kokos - Magarita,mexikanischer Cocktail - auch toll als Aperitif,3,2,3.75,5,0,2008-11-09,Unbekannt
1207341226478194,Frozen Strawberry Margarita,Cocktail,7,2,3.83,10,0,2008-11-13,Unbekannt
1208031226566377,Spooncocktail Aperol mit Orange,Molekulare Küche,7,2,3.8,15,2,2008-11-13,Unbekannt
1213191227073212,Fanny Hill,Unbekannt,0,23,0.0,2,0,2008-11-19,Unbekannt
121981051795911,Vivaldi,Aperitif,5,5,3.86,15,0,2003-05-01,Unbekannt
122061051798637,Eiergrog,Unbekannt,1,1,3.0,3,1,2003-05-01,Unbekannt
122181051865033,Singapore Sling,Unbekannt,2,3,4.0,5,0,2003-05-02,Unbekannt
1225701227800141,Amaretto - Cocktail,Unbekannt,2,2,3.0,5,0,2008-11-27,181
1226261227853817,Irish Rose,Cocktail,1,2,3.0,5,0,2008-11-28,Unbekannt
1227461227890116,Vanilla Libre,Cocktail,3,4,1.83,5,0,2008-11-28,Unbekannt
122841052818254,Sex on the Beach,Unbekannt,38,12,4.07,2,0,2003-05-13,Unbekannt
1234831228393914,Orang Utan - Milch,Fruchtig milder und angenehmer Cocktail,1,3,2.25,5,0,2008-12-04,Unbekannt
1255411230981373,Wodka - Kribbelbrause,Wodka mit Brausepulver,1,1,3.33,5,0,2009-01-03,Unbekannt
1264871231762964,Mimosa,Unbekannt,2,4,3.5,1,0,2009-01-13,25
1267541232009403,Southern Gin,Unbekannt,1,1,3.0,2,0,2009-01-15,Unbekannt
127561054646745,Erdbeer - Daiquiri,Unbekannt,3,1,0.0,10,0,2003-06-03,Unbekannt
127601054711503,Tequila Sunrise,Unbekannt,6,2,3.6,5,0,2003-06-04,Unbekannt
1280561233408388,Melonen - Pfirsich - Martini,erfrischender sommerlicher Aperitif,0,6,0.0,15,1,2009-02-01,Unbekannt
1281441233557417,Maraschino Daisy,Sekt - Cocktail,0,1,0.0,2,0,2009-02-02,Unbekannt
1282421233649360,Blutgeschwür,Schmeckt leckerer als es sich anhört.,4,1,3.0,1,0,2009-02-03,Unbekannt
128831055245194,Black Velvet,Unbekannt,2,1,2.33,5,0,2003-06-10,Unbekannt
1289681234339942,Santa Claus,Wodka - Drink,3,1,3.8,1,0,2009-02-12,Unbekannt
1295871234778153,Ritz Spezial,Champagner Cocktail,1,1,3.4,2,0,2009-02-16,Unbekannt
1303990777986,Caipirinha,... brasilianisch,24,3,3.9,5,1,2001-05-24,Unbekannt
1317061236351860,Tanjas Gurkensaft,grüner Cocktail,0,2,2.75,5,0,2009-03-06,Unbekannt
1326861237499539,Almond Cool,"mit Amaretto, Wodka und Orangensaft",2,3,3.6,5,0,2009-03-20,Unbekannt
133121057231599,Big Apple,Unbekannt,0,1,0.0,5,0,2003-07-03,Unbekannt
133131057232989,Blue Hawaii,Unbekannt,0,1,0.0,5,0,2003-07-03,Unbekannt
133151057234198,Blue Devil,Unbekannt,1,1,3.0,5,0,2003-07-03,Unbekannt
133161057235686,Blue Moon,Unbekannt,0,1,0.0,5,0,2003-07-03,Unbekannt
1332951238177424,Domino,Kaffeecocktail,1,1,3.0,10,0,2009-03-28,Unbekannt
1333281238234683,Taubenschiss,wird bei uns vor allem zur Fastnachtszeit getrunken,1,2,2.75,1,0,2009-03-28,Unbekannt
1335831238439179,Zokomi,fruchtiger Cocktail ohne Alkohol,4,3,3.33,5,0,2009-03-31,Unbekannt
1335881238439562,Pfirsich - Himbeer - Drink,Erfrischung für zwischendurch - schnell und einfach,4,1,3.0,15,0,2009-03-31,Unbekannt
1336771238524719,Olympia - Cocktail,Unbekannt,0,1,0.0,5,0,2009-04-01,Unbekannt
1336811238524973,Assistenten - Cocktail,Unbekannt,0,1,0.0,5,0,2009-04-01,Unbekannt
134601057929084,Havana Framboesa,Unbekannt,2,1,3.0,2,0,2003-07-11,Unbekannt
1347041239457093,Erdbeer - Daiquiri,Unbekannt,10,4,4.25,5,0,2009-04-11,463
1348571239630644,Blue Lotus,Cocktail,3,2,4.0,10,0,2009-04-14,150
1353471240071366,Lola - Cocktail,Unbekannt,0,1,0.0,15,0,2009-04-18,Unbekannt
1353481240071519,Mocca - Cocktail,Unbekannt,0,2,0.0,5,0,2009-04-18,Unbekannt
1353531240076192,Brandy - Fizz,Unbekannt,0,2,0.0,5,0,2009-04-19,Unbekannt
1361001240908303,Sisi,Aperitif,1,1,2.75,2,0,2009-04-29,Unbekannt
1361071240908943,Gefrorener Ananassaft,Eisgetränk,0,1,3.0,10,0,2009-04-28,Unbekannt
136211058868859,Erdbeerstar,Unbekannt,0,81,0.0,5,0,2003-07-22,Unbekannt
1363951241200967,Black Berry Bash,Unbekannt,0,1,3.0,5,0,2009-05-02,Unbekannt
1368771241766367,Caipirinha Strawberry,Caipirinha mit Erdbeeren,0,2,3.0,10,0,2009-05-08,Unbekannt
1375741242642111,Cocktail Aral,Unbekannt,0,3,3.25,4,0,2009-05-18,Unbekannt
1375821242643023,Bellini  Molekulare,Unbekannt,4,3,3.2,30,1,2009-05-18,Unbekannt
1377781242983076,Bacardi Cocktail,Unbekannt,0,2,0.0,3,0,2009-05-25,Unbekannt
1377791242983165,Bacardi Highball  I,Unbekannt,1,1,3.33,3,0,2009-05-25,Unbekannt
1378391243070321,Martini,Unbekannt,3,2,0.0,5,0,2009-05-25,Unbekannt
1378511243074455,B 52,Unbekannt,0,2,0.0,5,0,2009-05-25,Unbekannt
1378601243077650,Blue Lagoon,Unbekannt,0,1,0.0,5,0,2009-05-25,Unbekannt
1378621243078979,Bourbon Car,Unbekannt,2,1,3.5,5,0,2009-05-25,Unbekannt
1378681243080761,April Shower,Unbekannt,2,1,3.25,5,0,2009-05-25,Unbekannt
1378761243083130,Whisky Cocktail,Unbekannt,3,1,3.0,5,0,2009-05-25,Unbekannt
1379931243255132,Heißes Tiramisu,Unbekannt,2,2,2.67,5,0,2009-05-26,Unbekannt
1381511243373674,African Queen,süffiger Cocktail,0,2,3.25,2,0,2009-05-27,Unbekannt
1384821243579019,Blue Diamond,prickelnder Sekt - Cocktail mit Curacao,0,1,2.67,5,0,2009-05-29,Unbekannt
1384851243579406,Pfirsich - Cocktail,prickelnder Sekt - Cocktail mit Pfirsich - Likör,1,1,3.0,5,0,2009-05-29,Unbekannt
1384861243579768,Sterne auf Eis,"Cocktail mit Blue Curacao, Wodka und Früchtespieß",0,1,0.0,5,0,2009-05-29,Unbekannt
1385701243669930,Champagner - Kaffee,eiskalter Kaffee- Cocktail,1,2,3.0,5,0,2009-05-30,72
1386921243783262,Fröschchen,feiner pürierter Frosch,2,2,3.25,5,0,2009-05-31,Unbekannt
1388521243872375,Schneegestöber,Ein leckerer Sektcocktail,2,2,2.75,5,0,2009-06-02,Unbekannt
138991060064850,Prince of Wales,Sektcocktail,3,2,3.25,5,0,2003-08-05,Unbekannt
1390251244094738,Cocos beschwipste Zitrone,Unbekannt,4,1,2.67,15,0,2009-06-04,Unbekannt
1393681244365008,Face First Cocktail,Der Name sagt es,0,1,0.0,2,0,2009-06-07,Unbekannt
1394051244379756,Headcrack Cocktail,Unbekannt,0,1,0.0,2,1,2009-06-07,Unbekannt
1394371244387735,Avalanche Cocktail,Unbekannt,0,1,0.0,2,1,2009-06-07,Unbekannt
1401971245149725,Katinka Cocktail,Unbekannt,0,1,0.0,5,1,2009-06-16,Unbekannt
1407771245592360,Pfirsich - Smoothie,Smoothie aus Dosenpfirsichen,40,10,4.15,10,0,2009-06-21,165
1410851245930152,Green Destiny,erfrischender Kiwi - Cocktail,4,1,3.43,5,0,2009-06-25,Unbekannt
1416491246517354,White Lily,eine Badewanne voll davon wäre schön...,1,1,3.33,5,0,2009-07-02,Unbekannt
1416951246538200,Cocktail Pussy Foot,"Fruchtig, alkoholfrei",1,2,3.0,5,0,2009-07-02,170
1420231246874001,VW,der klassische Aperitif in der Metallbranche,0,1,0.0,2,0,2009-07-06,Unbekannt
1421251246981774,Mojito,Der Star unter den Cocktails,7,1,3.0,5,0,2009-07-07,360
1421901246985762,Long Kiss,Leckerer Cocktail,0,2,3.0,5,0,2009-07-07,Unbekannt
1425941247489259,Escape Route Cocktail,Unbekannt,0,1,0.0,2,1,2009-07-13,Unbekannt
1426031247494254,Prosecco mit Pfirsich,ein sommerlicher Apéritif,4,2,3.17,15,0,2009-07-13,Unbekannt
1437811248620032,Limoncello - Sekt mit Basilikum,schöner Aperitif für ein Sommer-Menue,5,4,4.25,5,0,2009-07-26,Unbekannt
144531062662111,True Romance,Unbekannt,3,4,3.0,5,0,2003-09-04,Unbekannt
1446411249562337,Bloody Mary,Unbekannt,0,2,3.33,5,0,2009-08-06,150
1454431250419503,Erdbeer - Daiquiri,Unbekannt,1,1,3.33,5,0,2009-08-16,Unbekannt
1458041250750998,Mango Colada,Unbekannt,5,3,4.11,5,0,2009-08-20,Unbekannt
1459851250923551,Agua de Valencia,Spanischer Cocktail,4,2,3.78,5,0,2009-08-22,Unbekannt
1462741251196454,Small Beer,Unbekannt,2,1,3.8,2,0,2009-08-26,Unbekannt
1465231251454753,Passions - Cocktail,Unbekannt,0,1,0.0,10,0,2009-08-29,250
1465241251454793,Café de Cuba,Unbekannt,1,2,2.33,10,0,2009-08-29,430
1465851251466446,Rostiger Nagel,Cocktail,0,1,3.33,1,0,2009-08-29,Unbekannt
1472591252220647,Flirtini,Cocktail aus Sex and the City,2,1,3.2,5,0,2009-09-06,Unbekannt
1476001252753339,Fizz Special,Unbekannt,2,1,3.25,5,0,2009-09-12,Unbekannt
1489641254082123,B 52 Cocktail,Unbekannt,0,3,0.0,2,0,2009-09-28,Unbekannt
1493061254329802,Pina Colada in Pitahaya,molekularer Cocktail,4,2,3.0,60,1,2009-10-01,Unbekannt
1493191254334811,Mojito à la Tequila,molekularer Cocktail,0,5,0.0,90,2,2009-10-01,Unbekannt
149411065793114,Grüne Krötenrotze,Unbekannt,25,4,3.8,2,0,2003-10-10,Unbekannt
1495061254731428,Molekularer Strawberry - Daiquiri,molekularer Cocktail,6,4,3.33,30,0,2009-10-05,Unbekannt
1496101254909374,Gletschermilch,Unbekannt,2,1,3.25,5,0,2009-10-07,Unbekannt
1496301254925155,Angys Frog Drink (alkoholfrei),Unbekannt,2,2,2.75,5,0,2009-10-07,Unbekannt
1496311254925223,Roter Ferrari,Unbekannt,0,4,0.0,5,0,2009-10-07,Unbekannt
1499031255437038,Monk on Coke Cocktail,Unbekannt,0,1,2.67,2,1,2009-10-13,Unbekannt
1500591255614176,El Bano Cocktail,Unbekannt,0,1,2.67,5,1,2009-10-15,Unbekannt
1500621255614645,Green Widow Cocktail,Unbekannt,0,1,0.0,2,1,2009-10-15,Unbekannt
1500631255614672,Daffy Duck Cocktail,Unbekannt,3,3,3.8,2,1,2009-10-15,Unbekannt
1500641255614822,A. J. Cocktail,Unbekannt,0,1,0.0,5,1,2009-10-15,Unbekannt
1500781255680550,Goodnight Cocktail,Unbekannt,0,1,1.67,2,1,2009-10-16,Unbekannt
1501191255703281,Pure Ecstacy Cocktail,Unbekannt,0,1,0.0,10,1,2009-10-16,Unbekannt
1501911255771956,Kill Me Now Cocktail,Unbekannt,7,6,2.88,2,1,2009-10-17,Unbekannt
1502331255778124,Cassis - Bier Cocktail,"Erfrischender Cocktail, besonders bei lecker bei sommerlichen Temperaturen",1,1,3.0,20,0,2009-10-17,Unbekannt
1502631255788639,Red Dog Cocktail,Unbekannt,0,1,3.0,5,1,2009-10-17,Unbekannt
1503891255868437,Gangsta Colada Cocktail,Unbekannt,0,2,3.0,2,1,2009-10-18,Unbekannt
150871066393926,Kirsch - Amaretto - Mix,Unbekannt,0,2,2.67,5,0,2003-10-17,Unbekannt
1509141256251805,Zitronenouzo,Unbekannt,0,1,0.0,5,0,2009-10-23,Unbekannt
1512131256567832,Almrausch,Unbekannt,1,1,2.75,5,0,2009-10-26,Unbekannt
1512451256593087,Cherry 43,Cocktail mit Licor 43,1,3,3.8,5,0,2009-10-27,Unbekannt
1512571256594459,James Bond,Unbekannt,0,9,2.8,5,0,2009-10-27,Unbekannt
1518741257109569,Havanna Strawberry,"Longdrink, Cocktail",4,1,3.33,2,0,2009-11-02,Unbekannt
1521331257337446,Gin Daiquiri,Cocktail,1,1,3.0,1,0,2009-11-04,Unbekannt
1523661257545452,Speedy Gonzales,Unbekannt,11,4,4.0,3,0,2009-11-07,Unbekannt
1524561257695046,Quittini,"köstliches Getränk zum Apero, ähnlich wie Bellini, aber mit Quitten",19,4,3.93,20,1,2009-11-08,2386
1532531258970617,Aperitif der Tante Berta,Sekt mit kräftiger Note,1,1,3.0,3,0,2009-11-23,Unbekannt
1535741259310921,Sunshine 43,"43er, gespritzt mit Orangensaft",4,1,3.67,1,0,2009-11-27,Unbekannt
1540051260256972,Sonne über Samos,Cocktail,0,1,0.0,2,0,2009-12-08,Unbekannt
1542251260460919,Admiral,"Cocktail, sour",1,1,3.33,5,0,2009-12-10,Unbekannt
1555341262814762,Pink Dune,alkoholfreier Cocktail,1,5,3.5,3,0,2010-01-08,Unbekannt
1561701263639077,Caribbean Red,Unbekannt,1,1,3.33,3,0,2010-01-16,Unbekannt
1572271264762977,Herzblut,Cocktail,1,2,3.0,2,0,2010-01-30,Unbekannt
1573701264881763,Veneziano,Sprizz Aperol,4,5,4.36,3,0,2010-01-31,Unbekannt
1577511265274378,White Satin,"Cocktail,  43er",0,1,0.0,2,0,2010-02-05,Unbekannt
1578011265290239,American Woman,Cocktail,2,1,0.0,2,0,2010-02-05,Unbekannt
1581801265651669,Hot Love,Cocktail,2,2,3.5,2,0,2010-02-09,Unbekannt
1586191266056127,"Young, Fresh and Beautiful",erfrischender Cocktail,10,5,4.32,1,0,2010-02-13,Unbekannt
159071069587519,Mai Tai III,Coktail,2,1,3.33,10,0,2003-12-02,Unbekannt
1606531267829267,Touch Down,Cocktail mit Wodka,1,1,3.33,2,0,2010-03-06,Unbekannt
1610461268319294,Cola - Sekt,macht schnell wieder wach,2,1,2.0,1,0,2010-03-11,Unbekannt
1614841268740642,Amarosa,Eigenkreation; Cocktail mit Amaretto,2,2,3.5,5,0,2010-03-16,Unbekannt
1615991268824497,Pink - Grapefruit - Drink,Unbekannt,4,3,3.6,5,0,2010-03-17,Unbekannt
1618101269085338,Ti Punch,Aperitif aus Martinique,1,1,3.0,2,0,2010-03-20,Unbekannt
1618431269087898,Alkoholfreier Erdbeercolada,kalorienarm,6,1,3.63,10,0,2010-03-20,Unbekannt
1634261271066950,Spring Fever,Unbekannt,8,10,4.06,5,0,2010-04-12,Unbekannt
1635811271163440,Pink Himbeer - Rum von Sarah,Unbekannt,1,1,3.33,10,0,2010-04-13,240
1637931271327672,Cosmopolitan Cocktail,mit Kirschsaft,8,4,3.6,5,0,2010-04-16,Unbekannt
1642121271803126,Pink Drink,Lady Cocktail,0,1,3.25,10,0,2010-04-21,Unbekannt
1645031272177501,Virgin Killer,Cocktail,0,1,0.0,2,0,2010-04-25,Unbekannt
1646291272279177,Virgin Colada mit Sahne,alkoholfreier Cocktail,8,3,4.43,5,0,2010-04-26,Unbekannt
1646741272290897,"Gefrostete Waldbeeren, mit Sekt aufgegossen","im Thermomix, leckeres und schnelles Getränk",4,2,3.5,3,0,2010-04-26,Unbekannt
1648981272529903,Yellow Snow,Sektcocktail mit Sorbet,1,2,3.0,2,0,2010-04-29,Unbekannt
1650581272802040,Italien Blossom,Cocktail mit Campari,1,2,3.0,2,0,2010-05-02,Unbekannt
1650591272802114,Campari Cup,Cocktail mit Campari,6,1,3.6,2,0,2010-05-02,Unbekannt
1651191272953668,Flying Elephant,sehr beliebter Cocktail,0,2,3.0,3,0,2010-05-04,Unbekannt
1664641274592644,Himbeerlimes,für 1 Liter,8,4,3.9,10,0,2010-05-23,Unbekannt
1669521274975105,Gipsy,Cocktail mit Aperol,0,1,0.0,3,0,2010-05-28,Unbekannt
167561072798120,Mai Tai,Unbekannt,3,2,3.25,2,0,2003-12-30,Unbekannt
167621072864374,Campari Orangensaft,Ein Begrüßungsklassiker,8,4,3.75,1,0,2003-12-31,Unbekannt
167631072864460,Sekt mit Blue Curacao,Ein Begrüßungsklassiker,5,2,3.44,1,0,2003-12-31,Unbekannt
167711072866271,Margarita,Nach der belibten Erdbeervariante hier der Klassiker,25,2,3.83,5,0,2003-12-31,Unbekannt
1677451275813787,Golden Dream,..wenn denn mal der Sommer kommt,2,4,3.6,5,0,2010-06-06,Unbekannt
1677471275814172,Martini-Melon,..mal was anderes,2,1,3.5,5,0,2010-06-06,Unbekannt
1678061275894620,Baila 43,Erdbeercocktail mit 43er,0,2,0.0,2,0,2010-06-08,Unbekannt
1682031276340248,Erdbeer - Sekt,für den Thermomix TM31 - super für Partys,19,2,4.13,10,0,2010-06-12,970
1693191277642956,Daiquiri,Unbekannt,0,1,3.33,5,0,2010-06-28,Unbekannt
1693681277713979,Erdbeercocktail,Unbekannt,1,3,0.0,15,0,2010-06-29,Unbekannt
170011073746923,Baileys - Schoko - Shake,Unbekannt,9,6,4.13,10,0,2004-01-10,Unbekannt
1702861279013729,Blue Coconut,Cocktail,3,1,3.0,2,0,2010-07-13,Unbekannt
170651073982791,Rauhreif - Cocktail,Unbekannt,3,4,3.33,10,0,2004-01-13,Unbekannt
170671073983193,Walzer - Cocktail,Unbekannt,4,2,3.83,5,0,2004-01-13,Unbekannt
1709571279803920,Watermelon Man,Unbekannt,3,2,3.8,1,0,2010-07-23,Unbekannt
1710121279864807,Campari Tonic,Unbekannt,1,2,3.67,1,0,2010-07-23,110
1710211279867135,Caramel Colada,Unbekannt,0,1,0.0,2,0,2010-07-23,Unbekannt
1710311279871959,Blue Gin Kinley,Unbekannt,0,3,3.8,3,0,2010-07-23,Unbekannt
1710721279892291,Lava Flow Cocktail,echt aus Hawaii - eine Mix aus Pina Colada und Strawberry,8,7,4.12,5,1,2010-07-23,Unbekannt
171271074253979,Erdbeer - Vanilledrink,Unbekannt,14,3,3.78,3,0,2004-01-16,Unbekannt
171281074254079,Karibischer  Drink,Unbekannt,2,2,3.33,2,0,2004-01-16,Unbekannt
171291074254229,Himbeer - Smoothie,Unbekannt,64,3,4.4,2,0,2004-01-16,71
171301074254353,Mango - Orangen - Buttermilch,Unbekannt,5,4,3.5,20,0,2004-01-16,Unbekannt
1713141280134387,Blue Angel,Longdrink,2,4,4.0,5,0,2010-07-27,Unbekannt
1716281280389400,Martini mit Orangensaft,Sommerdrink,1,1,3.0,5,0,2010-07-29,Unbekannt
1717711280470869,Sowik Sunrise,oder Erdbeer - Kiwi - Daiquiri,1,1,3.75,10,0,2010-07-31,Unbekannt
1731791282230392,Carribean Pirates,exotischer Cocktail für 2 Personen,0,1,0.0,10,0,2010-08-20,Unbekannt
1735441282561856,Sex on the Beach,"wie ich finde, die beste Version!",12,2,4.31,3,0,2010-08-24,Unbekannt
1740131283010656,Melonencocktail mit Rum,Eisgekühlt und leicht säuerlich - super für heiße Tage!,0,1,0.0,5,0,2010-08-30,Unbekannt
1746051283847810,Ginger Peach,alkoholfreier Cocktail,2,1,3.33,5,0,2010-09-07,Unbekannt
1746831283933532,Strawberry - Colada,Cocktail,1,4,3.75,5,0,2010-09-08,Unbekannt
1747941284100700,Möhren - Mandarinen - Drink,Energiespender für Zwischendurch.  Glyx geeignet.,0,4,0.0,10,0,2010-09-10,90
1748421284128441,San Francisco,erfrischender fruchtiger alkoholfreier Sommer - Cocktail,7,1,4.23,5,0,2010-09-10,Unbekannt
1751671284638036,Aftershock Cocktail,Unbekannt,1,1,0.0,2,0,2010-09-16,Unbekannt
1752851284803473,Petticoat,Bananeneis - Mix mit Tia Maria,0,1,0.0,3,0,2010-09-18,Unbekannt
1756151285315942,Duval Cocktail,Unbekannt,1,1,3.0,5,0,2010-09-24,Unbekannt
1756511285337560,Red Nuts Cocktail,Unbekannt,0,1,0.0,5,0,2010-09-24,Unbekannt
1757061285425656,Mad Hatter Cocktail,Unbekannt,0,1,2.0,5,0,2010-09-25,Unbekannt
1757471285491321,Nitro Cocktail,Unbekannt,0,1,0.0,2,0,2010-09-27,Unbekannt
1761611285854370,Lumberjack Cocktail,Unbekannt,0,1,2.0,2,0,2010-09-30,Unbekannt
1762451286029397,Eyes Wide Shut Cocktail,Unbekannt,0,1,0.0,5,0,2010-10-02,Unbekannt
1765591286440554,Nektarinen - Daiquiri,Unbekannt,0,1,0.0,5,0,2010-10-07,Unbekannt
1765861286457262,Pina Colada,Unbekannt,1,3,3.6,5,0,2010-10-07,Unbekannt
1767341286610034,Beo,Martini-Cider Cocktail,0,194,0.0,1,0,2010-10-09,Unbekannt
1769431286886607,Sonnenschein Aperitif,mit Erdbeerlimes und Hollersirup,2,3,3.75,2,0,2010-10-13,Unbekannt
1770621287046283,Verrückter Hund,polnischer Vodka - Cocktail,7,2,4.07,2,0,2010-10-15,Unbekannt
1775461287559176,Erdbeer - Caipirinha,"Caipifragola, Caipifresa",9,5,4.41,10,0,2010-10-20,Unbekannt
1777361287659425,Maracuja Traum,Cocktail,6,2,4.55,2,0,2010-10-21,Unbekannt
1778721287749086,Apfel Martini,Unbekannt,0,1,3.0,10,0,2010-10-22,Unbekannt
1781601288018648,Ralfs Cassiscocktail,erfrischender sommerlicher Cocktail,5,2,3.5,2,0,2010-10-26,Unbekannt
1784981288541614,Seelentröster,auch für kalte Wintertage,4,1,3.67,5,0,2010-10-31,Unbekannt
178561077628787,Screaming Orgasm,umwerfender Cocktail!!,14,1,3.0,5,0,2004-02-24,Unbekannt
1788751289138933,Mosquito,der alkoholfreie Mojito,3,5,4.33,5,0,2010-11-07,177
1792361289732564,Glühwein 'heiß und kalt',Aperitif,0,1,3.0,20,0,2010-11-14,Unbekannt
179981078056899,I can´t hardly wait,Unbekannt,12,1,3.0,2,0,2004-02-29,Unbekannt
1801231291109861,Bitter Red Surprise,"ein leichter Cocktail für die, die es lieber herber und trotzdem fruchtig mögen",0,2,3.33,2,0,2010-11-30,Unbekannt
1814261294009812,Pflaumen - Martini,Unbekannt,1,3,3.75,5,0,2011-01-03,Unbekannt
1823751295946108,Salty Dog,Cocktail mit Wodka,0,1,3.0,10,0,2011-01-25,Unbekannt
1823791295946507,Testarossa,Cocktail mit Sekt oder Champagner,0,1,3.5,5,0,2011-01-25,Unbekannt
1823921295947827,Keucher Caipi,Alkoholfreier Caipirinha,2,2,3.8,5,0,2011-01-25,Unbekannt
1823931295947874,Pineapple Dream,Cocktail mit Rum und Amaretto,3,2,3.83,5,0,2011-01-25,Unbekannt
1823951295948343,MeloKi,Alkoholfreier Cocktail mit Melone und Kiwi,1,1,3.25,10,0,2011-01-25,Unbekannt
1844801298826598,Weihnachtlicher Aperitif,Unbekannt,0,1,3.33,5,0,2011-02-27,Unbekannt
1851051299930001,Frankfurter Sprizz,die hessische Antwort auf das italienische In-Getränk,8,5,3.63,5,0,2011-03-12,Unbekannt
1856111300810631,Exotischer Papaya Drink,Unbekannt,0,3,3.33,15,0,2011-03-22,Unbekannt
1856871300955253,Erdbeer - Holunderblütenlimes,Erdbeerlimes mit Holundersirup,9,10,3.92,15,0,2011-03-24,Unbekannt
1871011303983322,Karibische Nacht,Alkoholfreier Cocktail mit hohem Erfrischungsfaktor,2,6,3.25,5,0,2011-04-28,Unbekannt
18741004799550,Side Car,Aperitif,4,2,3.25,2,0,2001-11-03,Unbekannt
1876811305175939,Oyster Shooter,Rezept aus Siesta Key,1,3,3.33,5,0,2011-05-12,Unbekannt
18781004799917,Babyface,After-Dinner-Drink,2,2,3.0,2,0,2001-11-03,Unbekannt
1879521305712712,Sunset Cocktail,alkoholfreier Cocktail,28,1,3.95,5,0,2011-05-18,Unbekannt
1880321305813157,Cocktail Höhenrausch,Unbekannt,3,12,4.23,5,1,2011-05-19,Unbekannt
1882111306223091,Dörte Cocktail,fruchtiger Sommercocktail,0,1,3.25,2,0,2011-05-24,Unbekannt
1883131306335032,Hot Baby Hot,ein fruchtiges Geschmackserlebnis,2,1,3.33,10,0,2011-05-25,Unbekannt
1888591307436565,Absinth Hell´s Sunrise,mit dreifarbigem Show - Effekt!,2,2,3.25,5,0,2011-06-07,Unbekannt
1888851307462972,"Prosecco ""Dolce Vita""",Sommer-Sonne-Gute Laune-Aperitif,2,5,3.8,5,0,2011-06-07,Unbekannt
1894341308548009,Erdbeer-Cocktail,ohne Alkohol mit zweierlei Sirup,2,3,3.83,20,0,2011-06-20,Unbekannt
1899741309506195,Fruchtiger Milchshake,Als Cocktail oder alkoholfrei,3,2,3.33,5,0,2011-07-01,Unbekannt
1899941309510326,Basilikum Daiquiri,Unbekannt,3,1,4.0,5,0,2011-07-01,Unbekannt
1906931310902613,Mai Tai-Sorbet,Unbekannt,0,6,0.0,15,0,2011-07-17,Unbekannt
191591081437496,Medizin,Baccardi-Coktail,16,2,3.54,5,0,2004-04-08,282
1922631313561745,Sweet Tropic,Cocktail,2,2,3.5,5,0,2011-08-17,Unbekannt
192351081668524,Flying,Sektcocktail,3,3,3.6,5,0,2004-04-11,Unbekannt
192381081669706,Venezianer,sehr erfrischendes Getränk für den Sommer und als Aperitiv geeignet,7,1,3.89,1,0,2004-04-11,Unbekannt
1926401314022268,Alkoholfreier Cocktail,"sehr erfrischend, fruchtig, nicht zu süß, leckerer Durstlöscher",6,3,3.2,10,0,2011-08-22,Unbekannt
193381081956608,Blue Hawaii,Unbekannt,4,3,3.2,5,0,2004-04-14,Unbekannt
1940521315990370,Zitronen-Sektcocktail mit Erdbeeren,Unbekannt,2,2,3.4,15,0,2011-09-14,Unbekannt
1943291316434747,Erdbeer-Zitronen Aperitif,Unbekannt,3,1,3.5,10,1,2011-09-19,Unbekannt
1947441316894107,Bavarian Claus,Unbekannt,0,1,3.33,1,0,2011-09-25,Unbekannt
1954661318144003,Vampir,Cocktail - nicht nur für Halloween,7,4,3.5,10,0,2011-10-09,Unbekannt
1955051318228182,Margarita mit Honigmelone,Unbekannt,0,3,3.2,10,0,2011-10-10,Unbekannt
1955351318312086,Abendsonne 2,eine Variante des sehr süßen Cocktails,2,4,3.5,5,0,2011-10-11,Unbekannt
1956691318407854,WoBati,Unbekannt,7,3,4.5,5,0,2011-10-12,Unbekannt
1963171319185984,Sommersonne,frisch-fruchtiger Sommercocktail,3,1,3.8,5,0,2011-10-21,Unbekannt
1965061319385045,Juicy Banana,Unbekannt,3,3,3.8,5,0,2011-10-23,Unbekannt
1972681320361801,Ladykickers,inspiriert von der Damen-Fußball-WM,3,3,4.0,5,0,2011-11-04,Unbekannt
1976191320835619,Coconut Kiss,Eine alkoholfreie Pina Colada,2,2,3.5,5,1,2011-11-10,Unbekannt
1977851320945523,Spanischer Sommernachtstraum,Alkoholfreier Cocktail,6,4,4.08,20,0,2011-11-12,Unbekannt
1979591321270344,Melonen Sprizz,Unbekannt,0,1,0.0,5,0,2011-11-14,Unbekannt
1979711321274549,Birnensaft-Cocktail,erfrischend und lecker,0,1,3.33,5,0,2011-11-14,Unbekannt
1988541322315432,Barraquito,Kanarische Kaffeespezialität,26,28,4.05,10,1,2011-11-27,Unbekannt
1993501322947885,Wassermelonen Caipirinha,Unbekannt,0,1,0.0,5,0,2011-12-04,Unbekannt
1993671322950707,Strießener Mäuseseeche,Orginalrezept vom Lande,2,2,3.25,4,0,2011-12-04,Unbekannt
1993901323029471,Apéritiv mit Sekt,zur Begrüßung der Gäste,4,3,3.8,15,0,2011-12-05,Unbekannt
1996381323285840,Bahamas,alkoholfreier Cocktail,4,2,3.9,5,0,2011-12-08,Unbekannt
2007431325433394,De Bom-die Bombe,"Rezept aus Belgien, Cocktail mit Erdbeeren",2,1,3.33,5,0,2012-01-01,Unbekannt
2010871325857767,"Hugo ""auf meine Art""",auch alkoholfrei ein Genuss,6,3,4.0,5,0,2012-01-06,Unbekannt
202391085578586,Dragon,Ein köstlicher Cocktail auf Rum Basis,4,2,3.8,5,0,2004-05-26,Unbekannt
2025551328473872,Cocobana Cocktail,"Erfrischend fruchtiger, alkoholischer Cocktail",0,1,0.0,5,0,2012-02-06,Unbekannt
202611085643952,Cherrycooler,Unbekannt,2,4,3.5,5,0,2004-05-27,Unbekannt
2032861329430586,Martini Aperitif,Leckerer Aperitif! Gibs bei mir zu Weihnachten.,0,1,0.0,3,0,2012-02-17,Unbekannt
2037421330034652,Killing me softly,"frischer, sahniger Cocktail",3,4,3.67,5,0,2012-02-24,Unbekannt
2051581331758755,Sugar Love,Alkoholfrei!,2,1,4.0,5,0,2012-03-15,Unbekannt
2051601331759315,Coconut Kiss,Unbekannt,3,2,4.13,5,0,2012-03-15,Unbekannt
2052311331841605,Baby Pina Colada,Unbekannt,2,1,3.0,10,0,2012-03-17,Unbekannt
2053881332069844,Campari Maison,Unbekannt,1,1,0.0,5,0,2012-03-19,Unbekannt
2056021332410904,Ipanema alkoholfrei,Unbekannt,1,3,3.33,5,0,2012-03-22,Unbekannt
2056501332499931,Flying Bird Cocktail,Unbekannt,0,1,3.33,5,0,2012-03-23,Unbekannt
2057541332739631,Süßweincocktail mit Pfirsich,Unbekannt,1,1,3.0,5,0,2012-03-26,Unbekannt
2061931333463206,Minz-Orangen-Cocktail,erfrischend-fruchtiges Getränk,1,2,3.4,10,0,2012-04-03,Unbekannt
2063021333553074,Mojito-Mix für Longdrinks,Unbekannt,1,1,2.0,25,0,2012-04-04,Unbekannt
206951086775255,Godfather,Unbekannt,2,3,3.4,10,0,2004-06-09,Unbekannt
206961086775439,Dirty Mother,Unbekannt,0,1,0.0,10,0,2004-06-09,Unbekannt
2082521336377942,Parchirinia,"Parchiriña, tropischer, fruchtiger Cocktail",3,194,0.0,5,0,2012-05-07,Unbekannt
2087871337268875,Eierkaffee,Unbekannt,0,1,0.0,5,0,2012-05-17,Unbekannt
2087881337268989,English Rose-Cocktail,Unbekannt,3,1,3.0,5,0,2012-05-17,Unbekannt
208981087475319,Pina Colada Long Drink,Unbekannt,1,2,0.0,3,0,2004-06-17,Unbekannt
2093831338059690,Isarwasser,Cocktail,0,1,3.75,5,0,2012-05-30,Unbekannt
2098601338667996,Jambo-Cocktail,sehr lecker und ein echter Geheimtipp für jeden Genießer,7,4,4.31,5,0,2012-06-03,Unbekannt
2109951340193445,Lady Brown,Unbekannt,0,1,0.0,5,0,2012-06-20,Unbekannt
2116411340871594,Österreicher,Unbekannt,0,3,0.0,5,0,2012-06-29,Unbekannt
2119931341476391,Kirschblüte,Unbekannt,0,2,3.4,2,0,2012-07-06,Unbekannt
2122271341746881,Bacardi Razz-Cocktail mit Sprite,erfrischender Sommertrendcocktail,7,2,4.15,3,0,2012-07-08,Unbekannt
213101089191251,Wodka Melon,Cocktail,5,1,3.71,5,0,2004-07-07,Unbekannt
2131751342867989,Hemingway Sour,Unbekannt,0,1,3.0,5,0,2012-07-21,Unbekannt
2137371343551017,Dünenzauber,"erfrischender Sommeraperitif, aber auch für die kalte Jahreszeit",18,4,4.4,5,0,2012-07-29,Unbekannt
2137521343575259,Martini Royal Rosato,süß,0,1,3.0,5,0,2012-07-29,Unbekannt
2138011343651572,Hugo,"der "" Aperitif "" leicht, spritzig, lecker",20,1,4.48,2,0,2012-07-30,Unbekannt
2146071344852061,Gordon Smash,Unbekannt,0,1,0.0,5,0,2012-08-13,Unbekannt
2149311345213038,Cubaine,Unbekannt,0,1,0.0,5,0,2012-08-17,Unbekannt
2149721345282498,Ananascocktail,fruchtig lieblich,2,2,3.5,10,0,2012-08-18,Unbekannt
2149741345282641,Null Promille,erfrischend fruchtig,2,2,3.75,10,2,2012-08-18,Unbekannt
2151081345448992,Caipirinha à la Jasmin,alkoholfrei,1,1,3.5,5,0,2012-08-20,108
2154271345750818,Einfacher Caipirinha,Unbekannt,2,1,3.0,10,0,2012-08-24,Unbekannt
2155141345818824,Waldmeister-Cocktail,"diesen erfrischenden Cocktail können Sie als Aperitif reichen, aber auch zum Dessert",10,14,4.18,15,0,2012-08-24,230
2158431346400614,Schwarzer Russe,"Cocktail mit Wodka, lieblich für den Abend",0,4,0.0,2,0,2012-08-31,Unbekannt
2158441346400641,Roter Russe,"Cocktail mit Wodka, fruchtig lieblich",0,1,0.0,2,0,2012-08-31,Unbekannt
2158451346400677,Weißer Russe,"Cocktail mit Wodka, kremig mit Kaffeelikör",0,4,0.0,2,1,2012-08-31,Unbekannt
2158461346400711,Finnische Lady,"Cocktail mit Wodka, fruchtig, fein herb",1,1,3.0,2,0,2012-08-31,Unbekannt
2159091346656313,Mojito - European Style,genau so muss er schmecken,0,1,2.75,5,0,2012-09-03,Unbekannt
2162391347025822,Aprikosen-Campagner,"Drinks mit Sekt, fruchtiger Sekt-Cocktail für heiße Tage",0,1,0.0,10,1,2012-09-07,Unbekannt
2162411347026627,Kiwisekt,"Drinks mit Sekt, fruchtiger Sekt-Cocktail für den Abend",0,4,0.0,10,0,2012-09-07,Unbekannt
2162421347026990,God Mother,Cocktail mit Wodka,0,4,0.0,10,0,2012-09-07,Unbekannt
2162441347027033,Kir Imperial,fruchtiger Sekt-Cocktail für den Empfang,1,4,0.0,10,1,2012-09-07,Unbekannt
216291090403400,Blow job,Cremiger süßer Shot,8,2,3.8,2,0,2004-07-21,Unbekannt
2167421347875202,Pina Colada,"Longdrink mit Rum, lieblich für die Sommerparty",2,1,3.75,10,1,2012-09-17,Unbekannt
2167431347875235,Barbados,"Longdrink mit Rum, fruchtig, für den Abend",1,1,3.33,10,1,2012-09-17,Unbekannt
2167541347901093,Navy Punch,"Longdrink mit Rum, fruchtig, für die Party",1,1,3.33,10,1,2012-09-17,Unbekannt
2171711348552247,Hajos Mojito,der kubanische Klassiker,1,3,3.75,5,0,2012-09-25,168
217981129418,Barbados Sunrise,Unbekannt,0,1,3.0,5,0,2001-02-02,Unbekannt
2180751350151754,Warmer Ostfriese,Cocktail mit Tee,1,1,3.33,1,0,2012-10-14,Unbekannt
2183221350573289,Granatapfel-Minz-Cocktail,Aperitif,1,2,3.57,15,0,2012-10-19,400
218981129462,Batida Ananas,Unbekannt,5,2,3.5,5,0,2001-02-02,Unbekannt
2192471351811302,Weißbier Mojito,Cocktail,0,6,0.0,5,0,2012-11-02,Unbekannt
2193001351850772,Gerissener Hund,"Cocktail, ohne Alkohol",1,4,0.0,5,1,2012-11-02,142
2193171351949676,Youngsters Caipi,Unbekannt,1,1,3.33,15,0,2012-11-03,Unbekannt
2199771352838044,Sternzeichencocktail Fische,Unbekannt,0,2,3.33,5,0,2012-11-14,Unbekannt
2199781352838077,Sternzeichencocktail Widder,Unbekannt,0,1,0.0,5,0,2012-11-14,Unbekannt
2199811352838164,Sternzeichencocktail Krebs,Unbekannt,1,1,3.33,5,0,2012-11-14,Unbekannt
2199821352838201,Sternzeichencocktail Löwe,Unbekannt,1,1,0.0,5,0,2012-11-14,Unbekannt
2199831352838225,Sternzeichencocktail Jungfrau,Unbekannt,0,1,0.0,5,0,2012-11-14,Unbekannt
2199841352838250,Sternzeichencocktail Waage,Unbekannt,0,1,0.0,5,0,2012-11-14,Unbekannt
2199851352838273,Sternzeichencocktail Skorpion,Unbekannt,1,1,3.33,5,0,2012-11-14,Unbekannt
2199861352838298,Sternzeichencocktail Schütze,Unbekannt,3,2,2.2,5,0,2012-11-14,Unbekannt
2199871352838325,Sternzeichencocktail Steinbock,Unbekannt,0,1,0.0,5,0,2012-11-14,Unbekannt
2200121352842065,Chilled Berry Cocktail,Unbekannt,9,12,4.77,5,0,2012-11-14,Unbekannt
2200901352928617,Blue Friend,Cocktail,1,1,0.0,5,0,2012-11-15,Unbekannt
2202441353161327,Grapefruit Cobbler,Unbekannt,3,1,3.33,5,0,2012-11-17,Unbekannt
2203401353274343,Cherry Lips,erfrischender Cocktail,1,4,3.25,5,0,2012-11-19,Unbekannt
2203941353335451,French 76,Champagnercocktail,0,1,3.0,5,1,2012-11-19,Unbekannt
2205941353531324,Trollinger Sprizz,ein leichter frischer Drink aus Württemberg,1,1,4.0,5,0,2012-11-23,Unbekannt
2207991353795378,Pina Colada,Unbekannt,1,1,3.0,10,0,2012-11-25,Unbekannt
2210041353994208,Drunken Monkey,"Longdrink, Cocktail",8,3,3.8,5,0,2012-11-27,Unbekannt
2211491354178909,Maracujamargarita,bringt gute Laune,0,1,3.33,5,0,2012-11-29,Unbekannt
2211531354179683,Roter Mond,"für den Sektempfang, lieblich, fruchtiger Sekt-Cocktail",0,1,0.0,10,1,2012-11-29,Unbekannt
2211541354179740,Hotel Ritz,"Sektcocktail, aromatischer Aperitif",0,1,0.0,10,1,2012-11-29,Unbekannt
2217441355118009,Bluprinha,Unbekannt,0,2,3.33,3,0,2012-12-10,Unbekannt
2217481355118284,Einfache Pina Colada,Unbekannt,1,2,3.5,3,0,2012-12-10,Unbekannt
2218121355172839,Cherrykiss,Unbekannt,0,2,3.33,5,0,2012-12-11,Unbekannt
2218561355246207,Lebkuchen-Granita mit Prosecco,"weihnachtlicher Aperitif, muss vorbereitet werden",12,5,4.3,10,0,2012-12-11,Unbekannt
2220761355433806,Maracujatraum,leckerer und fruchtiger Coktail,3,2,4.29,5,0,2012-12-15,Unbekannt
2221751355524386,BBice alkoholfrei,fruchtig erfrischender alkoholfreier Cocktail,2,1,3.25,5,0,2012-12-15,Unbekannt
222701092225120,Mai Kai,akohlofreier Energy Cocktail,3,2,3.4,5,0,2004-08-11,Unbekannt
2227231356685723,Martini trifft auf Creme de Cassis,Super leckerer Aperitif,1,2,3.0,5,0,2012-12-30,Unbekannt
222981129670,Bloody Mary,Unbekannt,3,1,3.33,5,0,2001-02-02,172
2234621357935583,Der Kleine ohne Alkohol,leckerer alkoholfreier Cocktail,1,1,3.0,2,0,2013-01-12,121
2236531358197553,Long Island Iced Tea Fruity,Long Island Iced Tea,0,2,3.0,5,0,2013-01-15,Unbekannt
2237431358353256,Mojito mit Aprikosen,Variante eines bekannten Cocktails,0,4,0.0,10,0,2013-01-16,Unbekannt
2250681360276289,Venedig,"Cocktail, alkoholhaltig",0,1,0.0,5,0,2013-02-08,Unbekannt
2261921361542084,Maracuja-Shake,Unbekannt,1,2,3.33,10,0,2013-02-22,Unbekannt
2281791363943042,Glühsecco,"köstlicher, weihnachtlicher Aperitif",7,3,3.71,10,0,2013-03-23,122
2285891364507773,Silvester-Cocktail ohne Alkohol,perfekt für einen gemütlichen Silvesterabend! Ohne Alkohol,4,5,3.8,4,0,2013-03-29,73
2290941365245559,Poncha Maracuja,nicht ganz so stark wie das Original aus Madeira,4,2,2.75,10,0,2013-04-06,Unbekannt
2295801365937658,Caipirinha in 5 Minuten,Unbekannt,0,1,3.0,5,0,2013-04-14,Unbekannt
230111094475363,Zombi,Longdrink für den Sommer,13,2,4.2,5,0,2004-09-06,Unbekannt
2302531367259857,Eisgekühlter Glühwein-Sekt,Unbekannt,6,1,4.0,5,0,2013-04-30,Unbekannt
230381094558908,Between the Sheets,Unbekannt,0,1,0.0,1,0,2004-09-07,Unbekannt
230401094559785,Lady Killer,Unbekannt,3,1,3.0,1,0,2004-09-07,Unbekannt
2309241368477394,Klingonischer Blutwein,kommt auf Halloweenparties gut an,6,13,3.89,10,0,2013-05-14,Unbekannt
2311481368720490,Lillet Vive,herb erfrischender Aperitif,4,8,4.11,2,0,2013-05-17,Unbekannt
231211094801788,Muh,Unbekannt,1,1,3.6,5,0,2004-09-10,Unbekannt
231881094914238,French 75,Silvesterdrink,0,2,3.75,10,0,2004-09-11,Unbekannt
2321721370035415,Woka,"Cocktail, Drink, Longdrink",0,2,2.0,1,0,2013-06-02,Unbekannt
2327561370872559,Melonen-Prosecco-Drink,sehr erfrischend an heißen Sommerabenden,2,2,0.0,10,0,2013-06-10,Unbekannt
2332121371414452,White Crush,Unbekannt,1,1,3.33,2,0,2013-06-17,Unbekannt
233431095696877,Klöterbecher,cooler Drink für heiße Tage,1,1,2.67,2,0,2004-09-20,Unbekannt
2338891372270191,Russian Bahama Mama,"Cocktail. Eine selbst entwickelte Abweichung von ""Bahama Mama""",2,2,3.86,2,0,2013-06-27,Unbekannt
2342421372796735,Pfirsich-Himbeer-Shake,Unbekannt,1,1,3.0,10,0,2013-07-03,Unbekannt
2343631372882243,Alkoholfreier Cocktail mit Kräuterlimonade,"mit Almdudler, Minze und Limette",23,8,4.35,5,0,2013-07-04,195
2358581374746809,Aronia-Eistee,"erfrischender, vitaminreicher Durstlöscher im Sommer mit  wachmachender Wirkung",2,1,3.83,3,0,2013-10-21,Unbekannt
2361891375201488,Thron des Feuers,Cocktail zum gleichnamigen Film,1,4,3.5,5,0,2013-10-23,Unbekannt
2361911375201782,Piranha,Cocktail zum gleichnamigen Film,4,2,3.75,5,0,2013-10-23,Unbekannt
2362081375211185,Apfelstrudelschnaps,ganz einfacher und sehr leckerer Schnaps/Shooter für eure Party,2,4,3.83,2,0,2013-07-31,Unbekannt
2366291375736245,Sunny Saturday,"einfacher, leckerer Cocktail mit wenigen Zutaten",1,2,3.33,5,0,2013-08-07,Unbekannt
2366891375821329,Bullenkicker,Der Frische-Kick für heiße Sommerparties,2,3,3.5,5,0,2013-08-07,Unbekannt
2370541376204705,Amarula Passion,Unbekannt,1,1,3.33,10,0,2013-11-05,Unbekannt
23711005839041,Erdbeeren-Aperitif,Unbekannt,25,11,4.48,30,0,2001-11-13,Unbekannt
2371101376243588,Lillet Hugo,"Lillet ist ein uralt Apéritif aus Weinen und Fruchtlikören, der diesen Sommer ein Revival erlebt",4,2,3.83,5,0,2013-08-21,Unbekannt
2371111376245095,"Ingwer-Limonade ""getuned""","""Limonade"", bei der das Mineralwasser durch Prosecco ersetzt wird",1,3,3.0,10,0,2013-08-21,Unbekannt
2371461376253840,Heartbreaker,meine absolut göttliche Cocktail-Eigenkreation,0,1,4.0,5,0,2013-08-12,Unbekannt
2382941377634725,Scarlett Dream,alkoholfreier Cocktail,1,3,3.6,10,0,2013-08-29,Unbekannt
2383771377721659,Apfelstrudel,"Cocktail, einfach lecker!",2,1,3.17,2,0,2013-08-29,Unbekannt
2383961377783268,Party-Lover Cocktail,Unbekannt,1,1,3.33,5,0,2013-11-17,Unbekannt
2390981378473186,Tropical Sunshine,fruchtiger Cocktail mit Alkohol,0,2,3.0,5,0,2013-11-21,Unbekannt
239171097050831,Tropical,Unbekannt,1,1,3.33,5,0,2004-10-06,Unbekannt
239351097071470,Pina Colada einmal anders,sehr süffig,7,2,3.11,5,0,2005-10-24,Unbekannt
2394641378840638,Sunflower Cocktail,"Sommergetränk, fruchtig frisch und nicht zu süß",2,4,4.0,5,0,2013-09-12,Unbekannt
2395821378930219,Orange Blossom mit Gin,Mixgetränk mit Alkohol,0,6,0.0,5,0,2013-09-12,Unbekannt
2395851378930266,Ward eight mit Whisky,Mixgetränk mit Alkohol,1,1,3.33,5,0,2013-09-12,Unbekannt
2396881379014828,Americano mit Campari,Mixgetränk mit Alkohol,1,2,3.0,5,0,2013-09-13,Unbekannt
2399161379357542,Buena Vista,"süßer, fruchtiger Coktail mit Licor 43, Pfirsichlikör und verschiedenen Säften",0,5,3.33,5,0,2013-09-17,Unbekannt
2399441379363685,Sixty Six,Unbekannt,0,6,0.0,5,0,2013-09-17,Unbekannt
2399621379409320,Apple Knocker - mit Wodka,Unbekannt,1,3,2.67,5,0,2013-09-17,Unbekannt
2399691379415965,Wolga Boatman - mit Wodka,Unbekannt,1,1,3.33,5,0,2013-09-17,Unbekannt
2399801379422107,Alsatian - mit Kirschwasser,Unbekannt,0,1,0.0,5,0,2013-09-17,Unbekannt
240401097329162,Sundowner,Eiskalter Zitruskick,4,2,3.33,10,0,2004-10-09,Unbekannt
2404631379884777,Apricot Fizz,Cocktailrezept,1,1,3.0,5,0,2013-09-23,Unbekannt
2413991381256471,Limettencocktail mit Gummibär-Eiswürfeln,Unbekannt,1,2,2.67,10,0,2013-10-09,Unbekannt
242091097742078,Wodka auf Ice,Unbekannt,5,2,3.25,15,0,2004-10-14,2442
2424481382473248,Lovely,"frisches, leckeres Getränk für den Sommer",1,2,3.33,5,0,2013-10-23,Unbekannt
2425231382558351,Kalter Früchtetee mit Apfelsaft und Holunderblütensirup,Erfrischungsgetränk für heiße Sommertage,6,4,3.5,5,0,2013-10-24,Unbekannt
2427431382883342,American Cooler,Unbekannt,0,1,0.0,5,0,2013-10-27,Unbekannt
2427781382963161,Cocktail Buchenau,Unbekannt,1,1,0.0,5,0,2013-10-29,Unbekannt
2429251383141778,Milchcocktail Trinidad,Unbekannt,3,4,3.33,5,0,2013-10-31,Unbekannt
2433471383774067,Torino Smash Cocktail,so macht ihn mein Lieblingsbarkeeper für mich,0,1,0.0,5,0,2014-01-03,Unbekannt
2436211384112401,Barbara,sommerlich erfrischender Aperitif,3,2,3.6,3,0,2013-11-11,Unbekannt
243801098107809,Sex on the beach shooter,Der berühmte Cocktail als Shot,1,5,4.0,2,0,2004-10-18,Unbekannt
2439501384680539,Likör 43 mit Maracujasaft und Sahne,"herrlicher, schneller Cocktail, sommerlich frisch, Schmeckt wie ein berühmtes Eis",6,2,4.54,5,0,2013-11-17,Unbekannt
2441221384811389,Kinder-Caipirinha,leckerer Kinder-Cocktail mit Limetten,2,2,3.5,10,0,2013-11-19,Unbekannt
2465501388354975,Ahoj Waldmeister Cocktail,Unbekannt,11,15,4.25,5,0,2014-02-15,Unbekannt
2466721388650537,Alice,alkoholfrei und süß,2,2,3.83,5,0,2014-01-03,Unbekannt
2466751388650600,Cinderella,alkoholfrei und süß,0,1,4.0,5,0,2014-01-03,Unbekannt
2469181389005385,BumBum Cocktail,Schmeckt wie das beliebte rote Eis,3,3,3.83,5,0,2014-01-07,Unbekannt
2470681389123944,Gekko Spezial,"Süßer Coktail, schnell gemixt!",0,4,2.67,3,0,2014-02-21,Unbekannt
2480031390245445,Lillet rougette,Unbekannt,0,2,3.33,5,0,2014-03-11,Unbekannt
2480511390312453,Blue King,"dieser Cocktail ist etwas für diejenigen, die es etwas bitter mögen",0,1,0.0,3,0,2014-03-06,Unbekannt
248981098922483,Karibischer Champagner,Sommerhit,2,2,3.0,10,0,2004-10-28,Unbekannt
2490001391524958,Malz-Caipirinha,"Caipirinha einmal anders, mit Malzwürze",0,9,0.0,10,0,2014-03-18,Unbekannt
2490171391545238,Amamango-Latte,Amaretto-Milch-Likör mit Mango-Schuss,3,1,4.23,5,0,2014-03-18,Unbekannt
2507211393451534,Swimming Pool,"Cocktail, alkoholfrei",8,1,4.44,5,0,2014-02-27,Unbekannt
2508141393620804,Kelis Milkshake,Unbekannt,2,1,3.75,10,0,2014-03-01,Unbekannt
2519891395171066,Wodka  “Ahoi“,Unbekannt,5,2,3.33,1,0,2014-04-18,Unbekannt
2526011396004782,Don Diegos Cóctel Macuá,Nicaraguas National-Cocktail seit 2006,4,6,3.33,5,1,2014-03-28,Unbekannt
2531611396708255,The Big Jay,Sehr frischer Sommercocktail,0,1,2.67,5,0,2014-05-08,Unbekannt
2549751399204182,Bonanza-Kaffee,Unbekannt,1,1,3.0,5,0,2014-05-05,Unbekannt
2551341399461260,Maracuja-Buttermilch-Likör,Solero-Likör,8,1,4.0,5,0,2014-05-07,Unbekannt
2558001400345252,Smokeys Orangen-Prosecco,prickelnder Aperitif,1,3,3.0,10,0,2014-05-18,Unbekannt
256071100904434,Apricot Velvet,Unbekannt,1,2,3.67,3,0,2004-11-20,Unbekannt
25681006166870,Sekt-Cocktail Siam,Unbekannt,4,11,3.78,15,0,2001-11-17,140
2568351402000309,Smokeys Apple-Aperol,spritzige Versuchung,0,1,0.0,10,0,2014-06-06,Unbekannt
256871101049637,Weihnachts Orangen - Flip,Unbekannt,10,2,3.9,10,0,2004-11-21,Unbekannt
2570561402405988,Cosmo fizz,süffiger Sektcocktail,5,1,3.0,5,0,2014-06-17,Unbekannt
2571971402778711,"Rasperinha, Himbeer-Caipi","etwas fruchtiger, genauso erfrischend",0,194,0.0,10,0,2014-08-18,Unbekannt
2572861402953760,Blue Caipirinha,Unbekannt,0,2,3.75,3,0,2014-08-20,250
2573181403026773,Scotty's Tonic,Unbekannt,0,232,0.0,5,1,2014-08-24,Unbekannt
25751006176638,Erdbeer-Margarita,Strawberry Margarita,42,9,4.5,5,0,2001-11-17,Unbekannt
258021101242293,Adria Look,Unbekannt,1,3,2.4,5,0,2004-11-24,Unbekannt
2580571404750845,Himbeerlimes,sommerlich und einfach zuzubereiten,4,2,3.75,25,1,2014-09-09,2355
2586791406030856,Erdbeer-Limoncello-Smoothie,mit Alkohol,2,2,3.33,10,0,2014-07-23,130
2587981406194923,Le Pample,Aperitif,0,2,0.0,10,0,2014-07-24,Unbekannt
2588431406280788,Himbeer-Mojito,geht auch alkoholfrei,20,7,3.9,5,0,2014-07-25,Unbekannt
2589441406474919,Kalter Hugo mit Wassermelone,Unbekannt,3,6,4.0,10,0,2014-09-24,Unbekannt
2589551406483440,Puzzles,süßer Cocktail,0,1,3.0,5,0,2014-09-24,Unbekannt
2595131407585118,Barraquito Ina mit Licor 43,Für die Zubereitung mit einem Kaffeevollautomat,0,1,3.0,5,1,2014-10-06,Unbekannt
2596141407775524,Tomatencocktail,Unbekannt,2,1,3.5,5,0,2014-08-11,40
2597481408003993,Negroni,Unbekannt,0,99,0.0,5,0,2014-08-14,Unbekannt
259861101670645,Open your eyes *,Unbekannt,6,1,2.8,5,0,2004-11-29,Unbekannt
2601921408802117,American Glory Cocktail,ein fruchtiger Sektcocktail,4,3,4.0,5,0,2014-08-24,Unbekannt
2610901410103421,Tropi Cocktail,Unbekannt,0,1,3.33,3,0,2014-11-04,Unbekannt
2611061410112649,Kiwi Twist,Ein fruchtiger Cocktail,2,2,3.75,10,0,2014-09-08,Unbekannt
2614371410552681,Angels Feather,"Cremiger, sanfter Milchcocktail",0,1,0.0,5,0,2014-11-10,Unbekannt
261591101963028,Adam &amp; Eve,Unbekannt,4,3,3.8,3,0,2004-12-02,Unbekannt
261801102026775,Erdbeer - Whisky,leicht und einfach lecker,2,2,2.75,2,0,2004-12-03,Unbekannt
2619401411393556,Jungfernkopf,Cocktail mit Wodka und Cola,0,2,0.0,5,0,2014-09-22,Unbekannt
262211102305329,Fünfter Advent,"Süßer, sahniger Weihnachtscocktail",5,2,4.0,2,0,2004-12-06,Unbekannt
2631711413394703,Mango Daiquiri mit gefrorener Mango,Unbekannt,1,4,3.2,10,0,2014-10-15,Unbekannt
2632621413470126,Beginner,"Ein kleiner Cocktail mit wenig Alkohol, aber viel Genuss",0,13,0.0,2,0,2014-10-16,Unbekannt
2632771413485321,Ginny-Wostok,Gin im Wald - Cocktail für Naturburschen,0,16,0.0,5,0,2014-12-04,40
2656531417115980,Black Death,Alkoholfreier Cocktail,3,2,3.5,3,0,2014-11-27,Unbekannt
2656571417116760,Kirschtee,Fruchtiger Cocktail ohne Alkohol,1,1,3.0,5,0,2014-11-27,Unbekannt
2657941417421437,Waldmeistercocktail,"für 10 Sektgläser, mit alkoholfreier Variante",1,3,3.33,10,0,2014-12-01,Unbekannt
2660671417791558,43er Caipi mit Erdbeerpüree,Unbekannt,2,1,4.0,5,0,2015-01-24,Unbekannt
2664341418291447,Tropical Blue,Unbekannt,2,2,3.33,3,0,2014-12-12,Unbekannt
266511102994009,Bailey's Colada,Cocktail mit Alkohol,11,3,4.13,5,0,2004-12-14,Unbekannt
266521102994114,B 66,Cocktail mit Alkohol,3,6,3.38,5,0,2004-12-14,Unbekannt
2666541418656372,Sprizz de Cassis,"fruchtig, spritziger Aperitif",1,1,3.0,10,0,2015-02-02,Unbekannt
2668681418918172,Bloody Mary,Unbekannt,1,9,0.0,5,0,2014-12-19,Unbekannt
266881103086182,Colada 43,Der Partyknaller,11,2,3.63,2,0,2004-12-15,Unbekannt
2671771419358447,Mangococktail mit Rum und Joghurt,Unbekannt,0,1,3.33,10,0,2015-02-06,Unbekannt
2676761420292756,Zitronensorbet mit Rucola,"Ein Willkommensdrink mit ""Wow"" Effekt",2,203,0.0,10,0,2015-01-05,Unbekannt
2680631420644411,Kräutersaft,Herb-süßer Cocktail,0,1,0.0,10,0,2015-01-08,Unbekannt
2681991420750649,Red Rocket,Rote Rakete,2,2,3.8,2,0,2015-01-12,Unbekannt
26891006350932,Amaretto-Bananen-Drink,Unbekannt,8,3,3.4,10,0,2001-11-20,Unbekannt
2698131422651785,Irish Mule,erfrischender Sommercocktail,2,2,4.0,5,0,2015-01-31,Unbekannt
270471103811258,Erdbeer - Daiquiri,Unbekannt,1,2,3.67,5,0,2004-12-24,Unbekannt
2706041423513166,Bailey's-Cocktail,"3 Zutaten, schnell, einfach und super lecker",4,7,3.5,5,0,2015-03-11,250
2706171423553817,Pina Colada light,"Leichte ""Sünde""",1,2,3.0,5,0,2015-02-10,Unbekannt
2709561423944510,Bunter Sommerdrink,Unbekannt,1,1,3.75,10,0,2015-03-15,Unbekannt
2716491424530212,Milchshake Russian,Cocktail,0,1,3.5,10,0,2015-03-17,Unbekannt
271821104205206,Blutige Caipirinha,Unbekannt,11,4,4.47,4,0,2004-12-28,Unbekannt
2723661424964053,Sambuca Shake,Unbekannt,1,1,3.0,5,0,2015-03-23,Unbekannt
2732631425627019,Smokeys Omnibus,altes Cocktail-Rezept aus den 50 - 60er Jahren,0,1,0.0,5,0,2015-03-27,Unbekannt
2741301426239691,Byrrh Cocktail,Gin und Byrrh,0,1,0.0,5,0,2015-03-13,Unbekannt
2759451427870097,Banananas,leichter Rumcocktail,0,5,3.75,5,0,2015-04-12,Unbekannt
2763711428254438,Gin-Colada-Drink,Unbekannt,0,1,0.0,5,0,2015-04-14,Unbekannt
2765401428460017,Wodka Sunrise,nach Jenny und Patricia Art,1,1,3.33,5,0,2015-04-15,Unbekannt
2765411428470923,Cinderella-Cocktail,"alkoholfreier Cocktail, erfrischend",1,3,3.33,5,0,2015-04-15,Unbekannt
2768681428848565,Sueño,fruchtig süßer Cocktail,0,1,3.33,5,0,2015-04-17,Unbekannt
276911105461787,Baki,Unbekannt,8,2,3.67,5,0,2005-01-12,100
2774261429529877,Erdbeer Cocktail,Alkoholfrei,1,1,2.86,5,0,2015-04-21,Unbekannt
2778571430027917,Frozen Granatapfel-Daiquiri,Unbekannt,0,12,0.0,15,0,2015-04-28,Unbekannt
278061105703026,Amaretto Flirt,fruchtiger Sektcocktail für den Empfang,5,1,3.67,2,0,2005-01-14,Unbekannt
279031105900992,Vanille - Orangen - Flip,Vanilleeis in Orangensaft,16,2,4.46,5,0,2005-01-17,185
2791351431272399,Red Hugo,"Cocktail, Sommerdrink",6,3,4.2,5,0,2015-05-12,Unbekannt
2793241431503620,Blackberry Summer Cup,mit Pimms Elderflower and Blackberry,0,1,0.0,3,0,2015-05-14,Unbekannt
2803021432409762,Ahuto,Aperitif,0,7,0.0,5,0,2015-05-27,Unbekannt
2810421433079518,Erdbeer-Limoncello,für heiße Tage,0,1,2.0,10,0,2015-06-02,Unbekannt
2814711433496390,Chili Schnaps,Unbekannt,3,1,3.0,2,1,2015-06-08,53
2816231433619960,Lady Sunshine,fruchtiger Cocktail,1,1,3.75,5,1,2015-06-08,Unbekannt
2817181433700892,CraKiBaZi,"ein fruchtiger, alkoholfreier Cocktail",0,1,3.33,5,1,2015-06-09,Unbekannt
2825161434618387,Baileys Irish Cream selber machen,Unbekannt,64,6,4.51,15,0,2015-06-19,Unbekannt
2829001434893124,Rhabarber-Rosmarin Margarita,"schneller, kühler Drink (nicht nur) für heiße Tage",0,2,2.6,5,0,2015-06-22,Unbekannt
283601106700169,Wackelpudding mit Wodka,Unbekannt,41,4,3.55,10,0,2005-01-29,26
2837241435721808,Schoko-Martini,Unbekannt,0,1,0.0,5,0,2015-07-06,Unbekannt
2837251435722594,Schoko-Espresso-Martini,Unbekannt,0,1,0.0,4,0,2015-07-06,Unbekannt
2837961435780994,Mango-Kokos-Cocktail,Unbekannt,0,1,0.0,5,0,2015-07-05,Unbekannt
2838761435862613,Himbeer-Thymian-Smash,"Gin-Cocktail, Short Drink",2,2,3.5,6,0,2015-07-06,Unbekannt
2839661436006896,Ramazzotti-Zitronenlimo,Ideal für einen warmen Sommerabend,3,1,3.6,10,0,2015-07-07,113
2841301436177854,Bernardo,"Ein frisch, fruchtiger Weincocktail für warme Sommertage",4,1,3.0,2,1,2015-07-07,185
284271106874367,Flying Cangaroo,Unbekannt,2,1,4.0,5,0,2005-01-29,Unbekannt
2843311436366230,Bloody Mary à la Klaumix,Unbekannt,0,2,0.0,5,0,2015-07-09,Unbekannt
2843351436369296,Rostiger Ritter,Unbekannt,2,4,2.75,1,0,2015-07-09,Unbekannt
2844081436445971,Cherry-Mojito,perfekt für warme Sommernächte,0,1,3.33,15,0,2015-07-10,Unbekannt
2851911437246581,"Cocktail ""Dr. BeeBQ""",Sommerlicher Cocktail mit Guavensaft,2,2,4.0,5,0,2015-07-21,Unbekannt
2853181437400318,Maracuja-Himbeer-Cocktail,alkoholfrei,1,1,3.33,5,0,2015-07-20,Unbekannt
2853201437401366,Ananas sour,Unbekannt,2,3,3.5,10,0,2015-07-20,Unbekannt
2853961437505720,Bananarama,Cocktail für Bananenfans,0,1,0.0,2,0,2015-07-24,Unbekannt
2855471437660976,Grutscher Special,Cocktail,0,54,0.0,5,0,2015-07-27,Unbekannt
285561107142392,Red Sky,alkoholfrei,2,1,3.4,5,0,2005-01-31,Unbekannt
2856121437739928,Tereré de pomelo,Unbekannt,3,1,3.33,10,0,2015-07-28,Unbekannt
2861681438263407,Angostura Bitter Limonade,alkoholischer Sommerdrink,0,11,0.0,5,0,2015-08-05,Unbekannt
287201107356833,Bellini,klassischer Sektcocktail,19,2,4.0,2,0,2005-02-02,83
2876341439917658,Alkoholfreier Cocktail,Unbekannt,2,2,2.4,5,0,2015-08-24,204
2878221440091197,BBC,Banana-Bailey´s-Colada,2,2,3.0,10,0,2015-08-28,Unbekannt
2881921440447787,Maracuja-Orangen Cocktail,Alkoholfrei,2,2,3.6,10,0,2015-09-02,Unbekannt
2881961440452981,French Colada,mit Cassis und Cognac,0,1,0.0,5,1,2015-09-02,Unbekannt
2912091443469675,Coconut Kiss,Unbekannt,4,3,3.75,15,0,2015-10-02,Unbekannt
2913361443623216,Liebestraum,Cocktail,0,1,0.0,2,0,2015-10-05,Unbekannt
2922981444591338,Lady Betthupferl,Ein süßer Cocktail aus Amaretto und Eierlikör,3,3,4.0,3,0,2015-10-19,Unbekannt
2932351445550495,Lemon Drop,Unbekannt,0,1,3.0,5,0,2015-10-28,Unbekannt
2946941446984278,McMoes Cosmopolitan,Unbekannt,0,6,3.0,5,0,2015-11-08,Unbekannt
2946951446984499,Gin Sour,Unbekannt,0,1,0.0,5,0,2015-11-08,Unbekannt
2958811448196117,Bounty Hunter,Die Alternative zum White Russian,0,1,0.0,1,0,2015-11-26,Unbekannt
2964631448864530,Hugo,Aperitiv Cocktail,7,3,4.74,5,0,2015-12-03,Unbekannt
2964641448864565,Moscow Mule,Cocktail,3,4,4.25,5,0,2015-12-03,Unbekannt
298681109599368,Tiramisu - Cocktail,Unbekannt,2,4,0.0,10,1,2005-02-28,Unbekannt
298691109599570,Virgin Caipirinha,Unbekannt,4,1,2.25,10,1,2005-02-28,Unbekannt
2987941451654802,Frozen Sunset,Cocktail,1,1,3.8,15,1,2016-01-10,Unbekannt
2999211452779665,Cheesecake Cocktail,Unbekannt,3,3,4.0,3,0,2016-01-20,Unbekannt
3019381454770041,Last James,Unbekannt,0,1,3.0,3,0,2016-02-12,Unbekannt
3028981455648472,Likör 43 mit Maracujamilch,Unbekannt,2,4,3.44,5,0,2016-02-23,Unbekannt
3041571456812605,Rumcocktail,Unbekannt,0,1,3.33,5,0,2016-03-08,Unbekannt
3046201457270072,Grüner Sieger,"Cocktail , gerührt, mit Alkohol",0,1,0.0,5,0,2016-03-15,Unbekannt
3048291457456818,Orangen-Ingwer-Ananas-Kokos-Cocktail,Unbekannt,0,1,0.0,10,0,2016-03-17,Unbekannt
3050011457595069,Cosmopolitan à la Sex and the City,Unbekannt,1,4,3.8,5,0,2016-03-10,Unbekannt
3055421458145677,Kaffee Cuba mit Rum und Limette,Unbekannt,0,1,3.33,10,1,2016-03-17,Unbekannt
3061141458679856,Chango Loco,cremig süß,0,1,0.0,5,0,2016-04-01,Unbekannt
30671008328070,Gloria,trockener Shortdrink,1,1,3.0,5,0,2002-01-11,Unbekannt
3069351459446428,Ingwer-Birnen-Bellini,Unbekannt,1,1,3.0,5,0,2016-04-08,Unbekannt
3080981460755151,Mermut,"Martini Aperitiv, frischer Sommerdrink",1,2,3.67,5,1,2016-04-27,Unbekannt
3082481460903332,Champagner Pick-Me-Up,Unbekannt,0,3,0.0,5,0,2016-04-18,Unbekannt
3088951461595556,Vodka Gimlet,Unbekannt,0,1,3.75,5,0,2016-04-26,Unbekannt
3093981462124568,Weltbester Gin &amp; Tonic aus Lahti,Unbekannt,2,1,3.6,3,0,2016-05-19,Unbekannt
3098851462708027,Rodka - Der Sommercocktail 2016,Wodka mit Rettich; ein Rodka am Abend und am nächsten Tag hat man garantiert keinen Kater,6,1,4.13,5,0,2016-05-25,Unbekannt
3100101462867434,Zombie Cocktail,Unbekannt,3,1,4.33,5,0,2016-05-10,Unbekannt
3106801463559329,Cosmopolitan,Unbekannt,1,2,3.33,5,0,2016-05-18,Unbekannt
3106831463559881,Klassischer Martini,Unbekannt,2,1,3.75,5,0,2016-05-18,Unbekannt
3110701464002829,Lillet Berry,Unbekannt,0,3,3.5,5,0,2016-05-23,Unbekannt
3117191464699733,Virgin Strawberry - alkoholfreier Cocktail,Unbekannt,4,4,4.11,5,0,2016-06-01,Unbekannt
3121861465325866,Margarita,Todays Perfect Margarita,1,1,3.5,10,0,2016-06-16,Unbekannt
3124921465734586,Virgin Caipirinha - alkoholfrei,Unbekannt,1,1,3.75,10,0,2016-06-20,Unbekannt
313051112709613,Baileys Frappe,Unbekannt,2,1,3.33,5,0,2005-04-05,Unbekannt
3132651466607374,Gin-Tonic Mediterran,mit Rosmarin und Oliven,1,1,3.75,3,0,2016-06-30,Unbekannt
3136961467150659,Berry an Basil à la Gabi,Unbekannt,1,1,3.75,5,0,2016-06-29,Unbekannt
313781112835257,Green Poison,Exotischer Cocktail,3,1,3.14,4,0,2005-04-07,Unbekannt
3140611467621514,Brombeer Minz Julep,Unbekannt,2,1,3.75,5,0,2016-07-04,Unbekannt
3140621467621843,Granatapfel Erdbeer Mojito,Unbekannt,2,1,4.17,5,0,2016-07-04,Unbekannt
3140631467622042,Honolulu Star,alkoholfreier Cocktail,0,1,3.33,5,0,2016-07-04,Unbekannt
3140671467622815,Mai Tai,Unbekannt,2,1,4.17,5,0,2016-07-04,Unbekannt
3140701467623738,Virgin Colada,alkoholfreier Cocktail,6,3,4.25,5,0,2016-07-04,Unbekannt
3145331468328591,Die perfekte Margarita mit Mezcal,Unbekannt,0,1,3.33,5,0,2016-07-18,Unbekannt
3148781468833330,Cabriolet 911,Unbekannt,0,1,3.33,5,0,2016-07-18,Unbekannt
3153471469429445,Hierbas Sun Cocktail,Unbekannt,0,23,0.0,5,0,2016-08-02,Unbekannt
3154261469542279,Alkoholfreier Caipirinha,süß,1,1,3.8,7,0,2016-08-03,Unbekannt
3159401470248014,Americano,Aperitifcocktail,0,2,4.0,5,0,2016-08-04,93
3159491470250547,Caipirinha,Unbekannt,1,1,4.0,5,0,2016-08-04,Unbekannt
3159681470293854,Martinez,Original Genever Formula,0,4,3.33,5,0,2016-08-04,Unbekannt
3162371470717048,White Heart,Unbekannt,0,1,3.33,3,0,2016-08-18,Unbekannt
3162971470801036,Jimbos Kiss,Cocktail,0,14,0.0,8,1,2016-08-19,220
3166291471337914,Vesper Martini,Unbekannt,1,2,3.75,5,0,2016-08-17,Unbekannt
3171411472021946,Negroni,Unbekannt,0,2,4.29,5,0,2016-08-25,Unbekannt
3173011472299829,Maracuja Ingwer Cocktail,mit Maracuja-Tequila-Tonkabohnen-Sahne,0,3,3.33,10,0,2016-08-27,Unbekannt
3174161472408687,Spicy Raspberry Buck,Unbekannt,0,1,0.0,5,0,2016-09-02,Unbekannt
3174651472487137,Blaubeer-Honig-Julep,Unbekannt,0,1,3.8,5,0,2016-08-31,Unbekannt
3175021472535428,Maracuja Spritz,Unbekannt,4,3,4.36,5,1,2016-09-05,Unbekannt
3175031472535925,Spicy Aperol,Unbekannt,1,2,3.75,5,1,2016-09-05,Unbekannt
3180881473424148,Cape Codder,Unbekannt,0,3,0.0,3,0,2016-09-15,Unbekannt
3189621474729702,Fert Tequila,der Kracher für jede Party,3,1,3.2,2,0,2016-09-29,Unbekannt
319431113748875,Long Island Ice Tea,Unbekannt,21,7,4.5,3,0,2005-04-17,Unbekannt
3195681475665745,Mandarinen Mule,Unbekannt,0,3,4.0,5,0,2016-10-06,Unbekannt
3196931475823268,43 Sunset,"Weicher, süßlicher Cocktail",0,1,3.33,4,0,2016-10-11,Unbekannt
3200041476260388,Sailor's Surprise,karibischer Cocktail,2,2,4.25,5,0,2016-10-17,Unbekannt
3208741477585025,Winter Green,herb,0,1,0.0,5,0,2016-11-01,Unbekannt
321311114035459,Harry's Girlfriend,Cocktail,8,1,4.1,5,0,2005-04-21,Unbekannt
3232201480863886,Hawaii-Shake mit Milch,Unbekannt,2,1,3.4,5,0,2016-12-14,Unbekannt
3238271481743999,Saffron Gin and Tonic mit Orange,Unbekannt,1,1,3.33,5,0,2016-12-24,Unbekannt
324391114537265,Bellini,Unbekannt,3,1,3.71,5,0,2005-04-27,Unbekannt
3248241483364584,Mexikaner,mit Wodka,7,2,4.17,10,0,2017-01-12,728
3254761484084764,Gin Basil Highball,"ein erfrischender, moderner Cocktailklassiker",18,9,4.55,15,1,2017-01-19,Unbekannt
3256931484387040,Sanddorn Spritz,Unbekannt,4,2,3.5,5,0,2017-01-22,Unbekannt
3257181484406369,Brown Widow,"süßer Cocktail, lecker im Sommer und auch im Winter",0,2,0.0,5,0,2017-01-23,Unbekannt
3261331484945695,Schwarzer Hugo,Unbekannt,0,1,3.33,5,0,2017-01-27,Unbekannt
3262271485087701,Diva Shot,alkoholisch,2,2,3.8,2,0,2017-01-30,Unbekannt
326481115025406,Nirwana,Unbekannt,2,5,3.4,5,0,2005-05-02,Unbekannt
3276171486736635,Bismarck,Bier-Sekt-Cocktail,2,1,0.0,2,0,2017-02-10,Unbekannt
3276311486757696,Beschwipste Himbeere,"einfach, fruchtig, frisch",2,5,3.67,2,0,2017-02-15,Unbekannt
3278911487082678,Lime Ginger,spritziger Cocktail,2,4,3.57,5,0,2017-02-17,Unbekannt
328091115256763,Touch down,Unbekannt,8,8,4.24,3,0,2005-05-05,Unbekannt
3287031488132979,White Dream mit Hicks,Unbekannt,0,1,0.0,5,0,2017-03-01,Unbekannt
3302551490518537,Sekt a la Lilie,Unbekannt,0,1,3.33,2,0,2017-03-27,Unbekannt
3306111491039879,Aperol mit Cassis,Unbekannt,1,1,3.5,5,1,2017-04-03,Unbekannt
3306141491040204,Ramazzotti Rosato,Unbekannt,2,1,3.75,5,1,2017-04-03,Unbekannt
330681115771078,Bombay crushed,Alternative zum Caipirinha,4,4,4.0,2,0,2005-05-11,Unbekannt
3319961493029929,Pink Bangalow,Erfrischender Sommercocktail,0,1,3.33,10,0,2017-04-28,Unbekannt
3331741494696525,Mango Mix Shake,einfach und lecker,1,1,3.0,5,0,2017-05-22,279
3336801495569360,Le Monique,Cocktail,0,1,3.33,10,1,2017-06-06,Unbekannt
3337631495725378,Project L2 Cocktail,"fruchtig-erfrischend, mit Sourz Apple, Limette und Säften",0,3,3.33,5,0,2017-06-01,Unbekannt
3337641495726672,Project L3 Cocktail,"mit Blue Curaçao, Kokussirup, Milch und Säften",1,1,3.33,2,0,2017-06-01,Unbekannt
3337681495730620,Project L4 Cocktail,"mit Triple Sec, Sekt, Minze, Waldmeistersirup und Lime Juice",0,2,2.67,4,0,2017-06-02,Unbekannt
3338171495827323,Gallischer Zaubertrank,alkoholischer Partygag -  nicht für Kinder. Das Rezept bezieht sich auf 1 Liter oder 25 Schnapsgläser à 4 cl,0,1,2.67,10,0,2017-06-06,Unbekannt
3340631496364597,Bitter Peach Symphonie,Unbekannt,0,1,0.0,3,0,2017-06-09,Unbekannt
3343061496743765,Roter Wein-Slushie,Sommerdrink - Grundrezept,0,2,0.0,5,0,2017-06-13,Unbekannt
3348061497598632,Virgin Mojito,alkoholfreier Mojito mit Himbeer-Variante,4,2,4.29,10,0,2017-06-16,Unbekannt
3381261503042309,Rosie Cocktail,Unbekannt,1,1,3.33,10,1,2017-09-01,Unbekannt
3381811503092102,Tropical Passion,"erfrischend spritzige, süße Verführung der Geschmacksnerven, mild prickelnde Erfrischung für warme Sommertage",0,1,3.75,3,0,2017-09-01,Unbekannt
3383971503491203,Prosecco mit Pflaume und Thymian,"spritzig, fruchtig und erfrischend für den Sommer",0,1,3.33,5,1,2017-09-06,Unbekannt
339951117839210,Janas Solero - Cocktail,Unbekannt,4,2,4.0,3,0,2005-06-04,Unbekannt
3416961509117251,Funnys Tee-Cocktail,mit Alkohol - und eine alkoholfreie Variante,0,1,3.0,5,0,2017-11-09,Unbekannt
3427361510544788,Campari Shakerato,schneller Drink zur Happy Hour,0,1,3.0,5,0,2017-11-13,Unbekannt
3429461510883484,Rolls Royce,Happy Hour Cocktail mit Stil,0,1,0.0,5,0,2017-11-17,Unbekannt
3430461511061506,White Serbia,Cocktail für Schleckermäuler,0,1,0.0,5,0,2017-11-19,Unbekannt
3430491511074597,Granatapfel-Martini,Unbekannt,0,1,0.0,5,0,2017-12-01,Unbekannt
3430891511108095,Rouzo Mint,"Ouzo, Minze, Himbeere",0,1,0.0,3,0,2017-12-04,Unbekannt
3430961511110346,Pastis-Martini,Unbekannt,1,1,3.0,3,0,2017-12-04,Unbekannt
3431751511232504,Eierflip-Cocktail,eine süße Verführung,1,2,3.0,5,0,2017-11-21,Unbekannt
3432261511325537,Velvet Hammer,Ein Cocktail für Einsteiger,0,2,0.0,5,0,2017-11-22,Unbekannt
3432881511406804,Key West Song,Cocktail mit Karibik Feeling,0,1,0.0,5,0,2017-11-23,Unbekannt
3435551511795714,Indian Summer,schneller Drink im Shot Glas,0,1,0.0,5,0,2017-11-28,Unbekannt
3436021511884180,Orgasmus,so wie wir ihn kennen,0,3,0.0,5,0,2017-11-29,Unbekannt
3437501512099200,Burnt Toasted Almond,"ein schöner, leichter Cocktail, vor oder nach dem Dinner",0,2,0.0,5,0,2017-12-01,Unbekannt
3438081512177496,Bloody Brain,nicht nur lecker an Halloween,0,1,0.0,5,0,2017-12-02,Unbekannt
3442531512890950,Weihnachtlicher Cocktail,"alkoholfrei, geschichtet",0,3,3.25,10,0,2017-12-20,Unbekannt
3444551513177643,Gingerino,Weinschorle mit Ginger Ale und Orange,1,1,3.29,3,0,2018-01-04,Unbekannt
3453831514716699,Apfelstrudel-Jelly-Shot,Einfach und gelingt immer!,2,2,0.0,30,0,2018-01-17,Unbekannt
3454661514812014,A Poor Man's Manhattan,einfach und frisch,0,5,0.0,5,0,2018-01-18,Unbekannt
3464551516122312,Valencia,erfrischender Cocktail,0,1,0.0,5,0,2018-01-17,Unbekannt
3464581516123216,Bikini Martini,ein Genuss an lauen Sommerabenden,0,3,0.0,5,0,2018-01-17,Unbekannt
3464591516123889,Neighborhood Negroni,Cocktail nicht nur für die Nachbarn,0,1,0.0,5,0,2018-01-17,Unbekannt
3467761516618982,Low carb Zimt-Spritz,Cocktail,0,1,0.0,5,0,2018-02-07,105
3468461516702856,Pisco Sour,einfach - nach peruanischer Schule,5,3,4.0,5,0,2018-02-07,Unbekannt
3468531516709179,Low Carb Margarita,Unbekannt,0,1,0.0,5,0,2018-02-07,86
3468591516711054,Low Carb Caipirinha,Unbekannt,0,1,3.33,5,0,2018-02-08,104
3471131517109441,El Presidente,"Ein Cocktail, der es in sich hat!",0,1,0.0,5,0,2018-01-28,Unbekannt
3474061517586588,Cherry Lady,Unbekannt,2,2,3.0,5,0,2018-02-16,Unbekannt
3474361517666742,5 o'clock,it's 5 o'clock somewhere,0,1,0.0,5,0,2018-02-05,Unbekannt
3476491517974606,Royal Blush,"ein Drink, der nicht nur kleinen Prinzessinnen mundet!",0,1,0.0,5,0,2018-02-07,Unbekannt
3477821518223723,Flash,"hart, aber herzlich",0,1,0.0,5,0,2018-02-10,Unbekannt
3482131518875319,Nicki,Cocktail süß-sauer,0,1,0.0,5,0,2018-02-19,Unbekannt
3483151518999831,Satin Doll,Cocktail für heiße Abende,0,1,0.0,5,0,2018-02-19,Unbekannt
348401119951611,Springbokkie,Original aus Südafrika,7,2,3.82,2,0,2005-06-28,Unbekannt
3486331519492858,Cassis Cobbler,"Gehaltvoll, aber süß",0,1,0.0,5,0,2018-02-25,Unbekannt
3486471519522704,Golden Friendship,ein Cocktail für die besten Freunde,0,1,0.0,5,0,2018-02-25,Unbekannt
3490021519996902,Coconut Bitter,Leichter Cocktail mit sanfter Bitternote,0,1,0.0,5,0,2018-03-02,Unbekannt
3491861520209511,Midori Martini,"Grüner Cocktail, süßsauer",0,1,3.33,5,0,2018-03-05,Unbekannt
3494161520612585,Sun Ginger,Aperitif mit griechischer Note,0,1,3.0,5,0,2018-03-10,Unbekannt
3496161520903641,Last Word,"ein Cocktail für alle, die sonst nie das letzte Wort haben",0,3,0.0,5,0,2018-03-13,Unbekannt
3499731521388576,Dead Rabbit Tipperary,"Cocktail mit irischem Wiskey nach Art des Hauses ""Dead Rabbit""",0,1,0.0,5,0,2018-03-19,Unbekannt
3500541521489041,Freche Gurke,on the rocks!,2,1,4.13,4,0,2018-03-28,Unbekannt
3503111521859213,Spanish Margarita 43,ein wahrhaft leckerer Cocktail!,0,2,3.8,5,0,2018-03-25,Unbekannt
3504551522085500,Caipiroska 43,leckerer Cocktail für laue Sommernächte,0,1,3.0,5,0,2018-03-27,Unbekannt
3506671522427997,White Raisin Cocktail,Rosinen-Rum-Cocktail,0,3,0.0,5,1,2018-04-09,Unbekannt
351121120464365,Freddy's Daiquiri,Unbekannt,2,2,0.0,2,0,2005-07-04,Unbekannt
3511391523244451,Lemon Drop Martini,"für alle, die es süßsauer mögen",1,1,0.0,10,0,2018-04-09,Unbekannt
351151120469768,Freddy's Erdbeer Daiquiri,Unbekannt,3,1,3.0,2,0,2005-07-04,Unbekannt
3513891523770526,Bijou,ein Klassiker unter den Cocktails,3,3,0.0,5,0,2018-04-15,Unbekannt
3515701524191225,Pina Perfection Cocktail,"ein leichter, fein abgestimmter Sommerdrink",0,1,0.0,5,0,2018-04-20,Unbekannt
352241120560349,Caribbean Sunrise,Unbekannt,1,3,3.0,5,0,2005-07-06,Unbekannt
352371120572613,Caipirinha,Unbekannt,2,2,4.29,5,0,2005-07-05,Unbekannt
3531021527163985,Frozen Sangria-Slush,ideal für Sommerabende oder wenn man spontanen Besuch bekommt,0,2,3.75,10,1,2018-05-30,200
3534771527983043,Lulus und Mimis Knobi Kurze,Wodka mit Knoblauch,2,3,4.0,5,1,2018-06-09,Unbekannt
3537211528570378,Lillet-Kirsch-Drink mit Himbeeren,Unbekannt,4,2,3.8,5,0,2018-06-12,98
354841120765259,Caddy's Dream,Unbekannt,2,1,3.5,3,0,2005-07-08,Unbekannt
3558791533117837,Cocktail Pisco Chilcano,peruanisch erfrischend,0,2,3.75,5,0,2018-08-15,Unbekannt
3561241533753413,Long Island Ice Tea,Cocktail,0,1,3.33,3,0,2018-08-20,Unbekannt
3561651533843119,Manhattan,der Cocktail-Klassiker von 1884,0,1,0.0,2,0,2018-08-20,Unbekannt
3566661535047073,Orangen Flip,erfrischendes Sommergetränk,2,3,4.17,5,0,2018-08-29,Unbekannt
3570841535903757,"Game of Thrones Cocktail ""Valar Morghulis""",mit Raucharoma,0,3,0.0,10,2,2018-09-05,Unbekannt
3572251536228200,"Game of Thrones Cocktail ""Valar Dohaeris""",mit selbstgemachten Zimtsirup,0,1,0.0,10,0,2018-09-13,Unbekannt
3582661538329136,Sonnenuntergang-Cocktail,Unbekannt,2,3,3.75,5,0,2018-10-11,Unbekannt
3582821538337845,Hot Apple Pie,warmer Cocktail mit Apfelsaft und Zimt,4,3,4.38,10,0,2018-10-12,Unbekannt
3586791539088155,Steppenwolf Mexikaner,Partyrezept,1,1,3.33,10,0,2018-10-24,Unbekannt
3595101540650289,Cosmovioletan,"Sommerdrink, Aperitif",1,2,3.75,5,0,2018-11-15,Unbekannt
3596101540765991,Spanish Americano 43,erfrischender Cocktail mit dem feinen Geschmack von Nelken,0,1,0.0,5,0,2018-10-29,Unbekannt
3597241540929379,"Schneller Sekt ""Fizz""",Cocktail,0,2,0.0,10,0,2018-10-31,244
3603461541811011,Crocodile Cooler,frischer Cocktail mit süß-saurer Note,0,1,0.0,5,0,2018-11-11,Unbekannt
3604171541909571,Summer Thyme 43,pfiffiger Cocktail mit Thymian,0,1,3.0,5,0,2018-11-12,Unbekannt
3606251542209894,Cola-Willi,Unbekannt,2,2,4.29,2,0,2018-12-05,150
3610521542858683,Santa Baby,ein sexy Weihnachtscocktail für unsere liebsten Nikoläuse,2,2,3.75,10,1,2018-11-23,Unbekannt
3627241545772484,Southern Comfort mit Milch,einfach und schnell,2,1,3.0,1,0,2018-12-30,Unbekannt
3645681548752227,Saurer Paul,Cocktail,3,3,3.33,15,0,2019-02-15,Unbekannt
3648301549187175,Welcome Aperitif,Unbekannt,1,1,3.33,5,0,2019-02-19,Unbekannt
365841122053982,Manila Flip,Unbekannt,0,2,0.0,5,0,2005-07-23,Unbekannt
366511122186943,Peter's Lady,Unbekannt,3,1,3.25,5,0,2005-07-24,Unbekannt
3678521554371363,Cranberry-Mimosa-Cocktail,Unbekannt,1,5,4.17,10,0,2019-04-08,Unbekannt
3687781556312762,Whisky Sour,mit Orange,0,1,3.33,5,0,2019-05-13,Unbekannt
3694991557739415,Mexikaner à la Kim,"lecker-scharfer Shot, im Sommer auf Eis",0,1,0.0,10,0,2019-05-29,Unbekannt
3708651560814216,Thyme Smash,harmonischer Cocktail mit feiner Thymian-Note,0,1,3.33,5,0,2019-06-18,Unbekannt
371481122858112,Absolut Red,Unbekannt,3,2,3.25,2,0,2005-08-01,Unbekannt
3735221566824322,9 Pin Gin,"einfach, erfrischend, spritzig,fruchtig",6,1,4.64,2,0,2019-09-10,Unbekannt
3741781568205397,Appletini,Cocktail,1,1,3.0,5,0,2019-10-04,Unbekannt
3763461573034856,Mango-Maracuja-Spritz,Unbekannt,0,1,3.33,10,0,2019-11-28,Unbekannt
3766071573481704,Cranberry-Martinez,Ein toller Aperitif für Weihnachten,2,7,3.0,2,0,2019-11-11,Unbekannt
3766481573567103,Hurricane,Cocktail - alkoholhaltig,1,1,3.8,5,0,2019-12-09,Unbekannt
3772981574769638,Bloody Knees,Cocktail,4,1,3.8,1,0,2019-12-27,Unbekannt
3830491583193548,Bombardino Riscione,Unbekannt,0,1,0.0,5,0,2020-03-26,Unbekannt
3835071584100868,Aperolbowle,Unbekannt,2,1,3.5,2,0,2020-04-08,Unbekannt
383721124903054,Blue Lagoon Shot,Karibische Sonne im Schnelldurchlauf,1,4,3.33,2,0,2005-08-25,Unbekannt
3838351584880216,Primadonna,alkoholfreier Cocktail,1,1,3.0,5,0,2020-04-24,Unbekannt
3858311587418928,Cadaver Animatum - Cocktail,"Europäische Variante des bekannten ""Zombie""",1,1,3.0,5,0,2020-06-19,500
3861671587929884,Caramella-Cocktail,"stark, süß-herb",1,1,3.0,1,0,2020-06-29,600
3872341589281172,Aperol geSpritzT,Cocktail,1,2,3.0,5,1,2020-07-10,Unbekannt
3873031589365848,"Weißweinspritzer ""Allegra""",Unbekannt,1,1,3.0,10,0,2020-07-10,Unbekannt
3876511589803540,"Whiskey-Cocktail ""New York Sour""",Unbekannt,0,1,3.33,5,0,2020-07-16,Unbekannt
389451126273813,Mac Donalds - Cocktail,Unbekannt,0,2,3.25,3,0,2005-09-11,Unbekannt
3895451593181515,Wassermelonen-Margarita,Unbekannt,1,1,3.0,10,0,2020-06-27,Unbekannt
3895471593184072,"""Autofahrer""-Mojito",Unbekannt,1,2,3.33,10,0,2020-06-27,Unbekannt
3903501594878922,"Apfel-Limetten-Basilikum-Eis mit salzigen Pistazien, dazu ein vietnamesischer Martini",aus der Sendung „Das perfekte Dinner“ auf VOX vom 24.07.2020,0,6,3.33,25,1,2020-07-20,Unbekannt
391891126799995,Caipirinha,Unbekannt,12,2,4.13,5,0,2005-09-15,187
392511127565403,Yellow Bird,Unbekannt,4,1,3.6,5,0,2005-10-02,Unbekannt
396411128416150,1-2-3 Likör,Unbekannt,63,7,4.33,5,0,2005-10-04,Unbekannt
397901128710999,Blue Curaçao - Cocktail,Unbekannt,16,2,4.47,1,0,2005-10-13,Unbekannt
39791013419984,Cinderella,Unbekannt,18,13,4.24,5,0,2002-04-23,Unbekannt
398211128763024,Kumquat - Sekt - Cocktail,Unbekannt,12,3,4.06,30,1,2005-10-08,Unbekannt
403061129556754,La Création,Cocktail,1,2,3.43,10,0,2005-10-17,40
403071129556923,Unschuldsengel,Absolut einer der besten Cocktails..!!,15,1,4.13,4,0,2005-10-17,Unbekannt
40481013608885,Karibischer Rumcocktail,Unbekannt,2,1,2.67,5,0,2002-04-24,Unbekannt
4048491626342312,Mascarponecreme im Schokonest mit frischen Früchten der Saison und Espressococktail,aus der Sendung „Das perfekte Dinner“ auf VOX vom 22.07.21,2,6,0.0,65,1,2021-07-18,Unbekannt
405551129847494,Spanishfly,Cocktail mit 43-er Likör,3,2,3.8,2,0,2005-10-21,Unbekannt
407391130276067,Kir Royal,Unbekannt,3,1,3.83,5,0,2005-10-26,128
40771013759605,Campari mit Prosecco,Unbekannt,7,4,3.8,5,0,2002-04-24,Unbekannt
409101130689799,Batida de Coco Especial,"dekorativ, erfrischend und echt brasilianisch",6,2,3.83,10,1,2005-10-30,500
410321130887125,Cocktail Rudi Rammler,Unbekannt,1,2,3.2,3,0,2005-11-02,Unbekannt
41241014040715,Wodka Martini,Unbekannt,3,3,3.88,3,0,2002-02-27,Unbekannt
413511131375169,Rob Roy,Unbekannt,2,3,3.5,3,0,2005-11-07,Unbekannt
413581131376118,Southern Comfort Manhatten,Unbekannt,2,1,3.25,3,0,2005-11-07,Unbekannt
414031131446451,Süßer Martini,Unbekannt,0,1,0.0,5,0,2005-11-08,Unbekannt
414081131447003,Harvey Wallbanger,Unbekannt,0,1,0.0,5,0,2005-11-08,Unbekannt
414101131447261,Chi Chi,Unbekannt,1,3,3.83,5,0,2005-11-08,Unbekannt
414181131454719,Brave Bul,Unbekannt,1,1,2.67,3,0,2005-11-08,Unbekannt
414201131454863,Mexican Devil,Unbekannt,1,1,3.67,3,0,2005-11-08,Unbekannt
414211131454980,Acapulco Gold,Unbekannt,0,1,3.33,3,0,2005-11-08,Unbekannt
414291131455560,Shady Lady,Unbekannt,3,1,3.0,3,0,2005-11-08,Unbekannt
418251132327804,Yellow Star,Dieser Cocktail hat schon viele Anis- Gegner überzeugt,2,2,3.8,3,0,2005-11-18,Unbekannt
418511132341387,Campari - Cocktail,Aperitif,1,1,2.67,2,0,2005-11-19,Unbekannt
418531132358704,Fellini,fruchtig,0,3,3.33,2,0,2005-11-19,Unbekannt
418561132358743,Between the Sheets,24 - Hour - Drink,1,1,3.33,2,0,2005-11-19,Unbekannt
418571132358756,Sidecar,Digestif,3,2,3.25,2,0,2005-11-19,Unbekannt
418591132359928,Champagner - Cocktail,Aperitif,1,1,3.75,2,0,2005-11-19,Unbekannt
418651132365209,Kir Royal,Aperitif,13,7,4.08,1,0,2005-11-19,86
420941132761959,Weihnachts - Apéro,Unbekannt,0,5,0.0,10,0,2005-11-23,135
421321132836937,Brandy Sour,Unbekannt,0,4,0.0,5,0,2005-11-24,Unbekannt
428391133864702,Melonen Cocktail,Unbekannt,0,2,3.0,20,0,2005-12-06,Unbekannt
431881134349329,Bahama Mama,Unbekannt,7,1,4.3,2,0,2005-12-12,Unbekannt
432861134479427,Long Island Iced Tea,Unbekannt,2,2,3.4,10,0,2005-12-13,Unbekannt
433071134552861,Orangenwein,leckerer erfrischender Ansatzwein,4,1,3.0,25,0,2005-12-14,Unbekannt
435131135040618,Scorpion,Unbekannt,0,1,3.0,5,0,2005-12-20,Unbekannt
43781014910400,Maracuja - Likör,Unbekannt,5,1,4.0,10,1,2002-05-10,Unbekannt
439591135967200,Karibischer Rum - Cocktail,Unbekannt,0,8,0.0,5,0,2005-12-31,144
440841136227670,Melone mit Wodka,Unbekannt,2,1,3.67,15,0,2006-01-03,1364
440941136232622,Real Peach,Süßer Pfirsichcocktail,1,1,3.6,3,0,2006-01-03,Unbekannt
442921136433842,Jello Shots,Unbekannt,54,32,4.29,10,0,2006-01-05,Unbekannt
449961137445212,Buttermilch - Daiquiri,mit Schuss,1,1,3.0,5,0,2006-01-17,Unbekannt
450611137508106,Batida Cherie,Unbekannt,3,6,3.63,1,0,2006-01-17,Unbekannt
450621137508156,Batida Night in Blue,Unbekannt,1,1,3.86,2,0,2006-01-17,Unbekannt
453021137806668,Amaretto Lady Killer,"Dir wird heiss, auch wenn's kalt ist",2,1,3.5,2,0,2006-01-21,50
453521137940799,Zellschutz,Rezept für die Pflege von innen,3,2,3.5,15,0,2006-01-22,Unbekannt
453531137940891,Holunder - Wunder,Rezept für die Pflege von innen,9,3,3.8,15,0,2006-01-22,Unbekannt
453541137940963,Sonnenaufgang,Rezept für die Pflege von innen,7,3,3.4,15,0,2006-01-22,Unbekannt
454541138134374,Bier - Cocktail mit Sekt,Der Kick für alle Bierliebhaber,9,1,4.13,7,0,2006-01-25,Unbekannt
457031138794449,Swimming Pool Cocktail,Der kleine Bruder vom Swimming Pool,4,5,4.39,5,0,2006-02-01,Unbekannt
459721139064057,Brombeer - Smoothies,auch für Kinder,1,3,3.33,15,0,2006-02-04,406
478101141778477,Singapore Sling,Unbekannt,4,3,4.13,3,0,2006-03-08,Unbekannt
48621016466310,Cosmopolitan,Unbekannt,6,13,3.73,3,0,2002-05-06,Unbekannt
489281143029201,Fruchtige Bananas,Unbekannt,0,1,2.67,5,0,2006-03-22,Unbekannt
497561144414376,Jamaika Fever,Cocktail,0,2,3.75,4,0,2006-04-07,Unbekannt
505361145565727,Blue Lagoon,Unbekannt,2,3,4.18,2,0,2006-04-21,Unbekannt
510481146667709,Johannisbeer - Shake,Unbekannt,7,3,3.75,10,0,2006-05-04,Unbekannt
510861146757903,Erdbeer - Limette Cocktail,Unbekannt,0,1,3.33,20,0,2006-05-05,Unbekannt
511181146810570,Grüne Wiese,Unbekannt,7,1,4.17,3,0,2006-05-05,Unbekannt
51411018097428,Sunrise Orange,Unbekannt,6,1,3.6,5,0,2002-05-08,145
517291147878039,Be Careful,Fruchtig-süßer After-Dinner-Drink,0,1,0.0,5,0,2006-05-17,Unbekannt
517301147878115,Blue Ocean,ausgezeichneter Champagnercocktail für die schönen Seiten des Alltags,2,5,3.4,5,0,2006-05-17,Unbekannt
523311148665731,Moulin Rouge,aus DDR - Zeiten,4,5,4.14,5,0,2006-05-27,Unbekannt
529391149680275,Hemingway,Ernest Hemingways Lieblingscocktail,1,3,3.5,2,0,2006-06-07,Unbekannt
532431150104068,Leckerli - Cocktail,fruchtig mit Rum - unbedingt ausprobieren,4,2,3.75,10,0,2006-06-12,Unbekannt
534051150362057,Prosecco – Cocktail,Kochkursrezept,3,4,2.83,10,0,2006-06-17,Unbekannt
537251150814892,Abendsonne,"Cocktail, wahlweise mit oder ohne Alkohol",2,1,3.9,5,0,2006-06-21,Unbekannt
543741151837218,Kaffee – Bananen – Drink,Kochkursrezept,2,1,3.6,5,0,2006-07-02,Unbekannt
54511019471591,Caipirinha,Cocktail,16,1,3.67,3,0,2002-05-14,Unbekannt
54531019471880,Daiquiri,Cocktail,12,2,3.5,3,0,2002-05-14,Unbekannt
545941152101216,Itzelbritzel,"fruchtiger, leichter Cocktail",7,1,3.71,5,0,2006-07-05,Unbekannt
556311153405051,Vulcano,Unbekannt,5,4,3.6,5,0,2006-07-21,Unbekannt
556471153463540,Molotow Soda,Unbekannt,5,2,4.42,5,0,2006-07-21,Unbekannt
558161153825495,Kokos - Sekt,Unbekannt,3,1,3.4,3,0,2006-07-25,Unbekannt
560211154073567,Balalaika Cocktail,Wodka - Variante des bekannten White Lady,3,1,3.4,5,0,2006-07-29,Unbekannt
561381154255637,Waldmeister - Likör,Wald-Lady,3,3,1.8,5,0,2006-07-30,Unbekannt
562511154444597,Eierlikör - Maracuja - Cocktail,Unbekannt,2,2,2.75,5,1,2006-08-02,Unbekannt
585491157715513,Aperol Sour,mit Orangensaft und bei Belieben mit einem Schuss Wodka,2,2,3.5,10,0,2006-09-08,Unbekannt
587671157988569,Mars - Attack,Unbekannt,1,1,3.33,5,0,2006-09-19,184
590581158590180,Zitronencocktail,Unbekannt,1,2,3.33,2,0,2006-09-18,Unbekannt
59381021800560,Aperitiv mit Melone und Sekt,Unbekannt,7,4,3.0,15,0,2002-05-21,137
594601159107993,Blue Star,Unbekannt,2,1,3.2,2,0,2006-09-25,Unbekannt
59731021882324,Mai Tai,Unbekannt,22,11,4.23,2,0,2002-05-21,Unbekannt
59751021882739,Mojito,Unbekannt,44,3,3.6,2,0,2002-05-21,231
602021159954437,Sommernachtstraum,Sektcocktail,8,1,3.73,5,0,2006-10-04,Unbekannt
609011160744468,Waldmeister - Schnaps,Unbekannt,2,1,2.0,5,0,2006-10-13,Unbekannt
614251161437770,Latin Lover's Kiss,Ein erfrischender Cocktail,0,1,3.0,2,0,2006-10-21,Unbekannt
620581162304326,Bayrischer Sektcocktail,Unbekannt,1,1,3.0,5,0,2006-10-31,Unbekannt
620821162370936,Abbey Bells Cocktail,Unbekannt,2,2,3.75,5,0,2006-11-01,Unbekannt
627351163082518,Extra Dry Martini,Unbekannt,3,2,3.5,5,0,2006-11-09,Unbekannt
628001163157973,Klassischer Caipi,Caipirinha,5,1,4.0,10,0,2006-11-11,157
634921164207360,Zeus Cocktail,Unbekannt,0,4,0.0,2,0,2006-11-22,Unbekannt
634971164207734,Adonis,Unbekannt,0,4,0.0,3,0,2006-11-22,Unbekannt
63721023351778,Karamell Likör,Unbekannt,29,2,3.77,30,0,2002-06-07,125
639231164878565,Batida de Coco No.1,Unbekannt,2,1,3.33,5,0,2006-11-30,Unbekannt
64131023710968,Mandarinen - Rum Likör,Unbekannt,28,3,4.23,35,0,2002-06-11,1428
642801165334463,Vulcano,Unbekannt,1,9,3.33,5,0,2006-12-06,Unbekannt
643081165399308,Frozen Daiquiri,Unbekannt,3,1,3.83,3,0,2006-12-06,183
644631165586959,Long Kiss Goodnight,Unbekannt,1,5,3.6,5,0,2006-12-09,Unbekannt
645311165741630,Cosmopolitan No.1,Unbekannt,8,1,3.88,5,0,2006-12-10,Unbekannt
64791023869206,Coconut Kiss,Unbekannt,31,9,4.03,10,0,2002-06-13,Unbekannt
64801023871238,Caribic Dream,Unbekannt,3,1,3.8,15,1,2002-06-13,Unbekannt
649751166346740,Sparkling 51,Sektcocktail,1,10,0.0,5,0,2006-12-18,Unbekannt
649771166347325,El Manito,Unbekannt,0,10,0.0,5,0,2006-12-18,Unbekannt
649781166348867,Cocinho,Unbekannt,0,10,0.0,5,0,2006-12-18,Unbekannt
649811166353802,Swimmingpool No.1,Unbekannt,1,2,3.25,5,0,2006-12-18,Unbekannt
651371166616362,Zwetschgen in Geist,"schmeckt sehr lecker zu Vanillepudding, Eis, aufgefüllt mit Sekt, auch zu Wildgerichten ohne Sauce",1,1,0.0,30,0,2006-12-20,Unbekannt
654821167144619,Cubaner,Unbekannt,2,4,0.0,2,0,2006-12-27,Unbekannt
656821167389374,Latin Lover,Unbekannt,3,1,4.0,5,0,2006-12-29,Unbekannt
661651167983014,Ein Cocktail,Unbekannt,0,1,3.0,5,0,2007-01-05,Unbekannt
67381024843378,Baileys,Likör,17,1,4.21,15,0,2002-06-24,Unbekannt
678701170318915,Martini Cocktail (plain vanilla),Unbekannt,1,1,2.67,5,0,2007-02-02,Unbekannt
679731170419522,Grüne Lagune,Cocktail,1,1,3.0,3,0,2007-02-02,Unbekannt
679941170433191,Dreadys Exotic Caipirumba,"erfrischender Rumcocktail, angelehnt an den berühmten Caipi",0,2,0.0,5,0,2007-02-02,Unbekannt
686561171188490,Schmotze,sahnig-exotischer Wodka-Mixdrink,65,1,4.26,5,0,2007-02-11,Unbekannt
687101171206327,Abbey,Unbekannt,0,37,0.0,5,0,2007-02-11,Unbekannt
69071025615738,Strawberry Kiss,Unbekannt,5,1,4.0,5,0,2002-07-04,178
69081025615828,Blue Banana,Unbekannt,3,2,3.33,5,0,2002-07-04,162
690901171609285,Weihnachts - Cocktail,Christmas - Cocktail,10,6,3.6,5,0,2007-02-16,Unbekannt
6971800010,Caipirinha,Unbekannt,55,4,4.41,5,0,2001-12-16,101
701451172755496,Caipirinha Sorbet mit Ananas,Unbekannt,11,6,4.0,30,0,2018-12-11,Unbekannt
704691173087085,Knuckleduster,Cocktail,0,1,3.33,3,0,2007-03-05,Unbekannt
705241173167941,Peach Floyd,Cocktail,0,1,0.0,2,0,2007-03-06,Unbekannt
707651173365519,Pink Colada,kein Druckfehler,2,1,3.75,5,0,2007-03-08,Unbekannt
70791026375000,Melonendrink,Unbekannt,2,4,3.2,10,0,2002-07-11,Unbekannt
711801173790324,Cocktail Bananello,festlicher Aperitif,1,3,3.4,5,0,2007-03-14,Unbekannt
713371174004936,Virgin Bellini,schneller alkoholfreier Sektcocktail,4,1,4.25,2,0,2007-03-16,Unbekannt
718431174509152,4th of July,"fruchtiger, zart - herber Shortdrink",8,2,3.7,5,0,2007-03-22,Unbekannt
71861027003809,Crocodile Dundee,Unbekannt,24,3,3.5,5,0,2002-07-19,Unbekannt
73911027849297,Southern Trip,Unbekannt,3,1,3.8,5,0,2002-08-08,Unbekannt
741261176739420,Aprikosen - Cream,Unbekannt,0,1,3.0,5,0,2007-04-17,Unbekannt
746851177235594,Abendrot,Cocktail mit herbem Geschmack,1,1,3.4,5,0,2007-04-22,Unbekannt
751151177666508,Erdbeer Caipirinha mit Limette und Cachaça,seht fruchtig,15,2,4.21,5,0,2007-04-27,Unbekannt
75351028641927,Planters Punch,Unbekannt,19,4,4.36,2,0,2002-08-09,Unbekannt
75361028642280,Caipirissima,Unbekannt,2,2,3.5,2,0,2002-08-09,Unbekannt
75371028643163,Caipirinha,Unbekannt,33,1,3.76,2,0,2002-08-09,139
76111029081774,Cuba libre,Unbekannt,7,1,2.25,5,0,2002-08-13,Unbekannt
764801179302457,Crazy Rosy,Unbekannt,1,1,3.33,10,0,2007-05-16,Unbekannt
769081179762158,Blue Margarita,Unbekannt,2,1,3.0,4,0,2007-05-21,Unbekannt
769521179837045,Aperol Fizz,Unbekannt,0,1,3.33,6,0,2007-05-22,Unbekannt
769551179837294,Easy Jet,Unbekannt,1,2,3.0,2,0,2007-05-22,Unbekannt
769581179837545,Tropical Prosecco,Unbekannt,2,3,3.75,3,0,2007-05-22,Unbekannt
770501179923465,Cala Serena,"Robinson Specials, alkoholfrei",3,3,4.31,7,0,2007-05-23,Unbekannt
772171180078235,Xuxu - Margarita,Unbekannt,1,1,3.5,10,0,2007-05-25,Unbekannt
784521181718642,Chinese Chin Chin,Klasse Aperitif  oder einfach nur so zum Genießen,4,4,4.13,5,0,2007-06-13,Unbekannt
785021181743745,Cuba Libre,Unbekannt,0,2,2.67,3,0,2007-06-13,Unbekannt
785031181744817,Frozen Daiquiri,Unbekannt,1,1,3.0,3,0,2007-06-13,Unbekannt
785911181832446,Sunny Fruits,Rumcocktail,0,3,0.0,5,0,2007-06-14,Unbekannt
787531182090910,Swimming Pool,Unbekannt,1,4,3.71,4,0,2007-06-17,Unbekannt
787541182091063,Zombie,Rumcocktails,0,2,2.25,4,0,2007-06-17,Unbekannt
787581182092161,Tequila Sour,Tequilla Cocktail,3,2,3.2,4,0,2007-06-17,Unbekannt
787591182092274,Tequila Sunrise,Tequila Cocktail,3,2,3.29,3,0,2007-06-17,Unbekannt
787641182092811,Pina Colada,Colada-Cocktail,12,10,4.05,5,0,2007-06-17,Unbekannt
787651182092954,Strawberry Colada,Colada-Cocktail,1,2,3.8,2,0,2007-06-17,Unbekannt
789191182258089,Hector Lorenzo,Whiskey-Cocktail,1,1,3.75,5,0,2007-06-20,Unbekannt
78951030278405,Virgin Colada,Unbekannt,4,2,3.25,2,0,2002-08-26,Unbekannt
789971182337474,Whiskey Sour,Whiskey - Cocktail,1,1,2.8,5,0,2007-06-20,Unbekannt
792201182595762,Flying Cangaroo,Vodka-Cocktail,0,3,0.0,5,0,2007-06-24,Unbekannt
792221182596518,Kamikaze,Vodka-Cocktail,1,4,3.2,4,0,2007-06-24,Unbekannt
793611182866138,Screaming Orgasm,Vodka-Cocktail,1,1,3.33,4,0,2007-06-28,Unbekannt
793621182866226,Sex on the Beach,Vodka-Cocktail,3,2,3.14,6,0,2007-06-28,Unbekannt
793631182866435,Touchdown,Vodka-Cocktail,0,1,3.33,4,0,2007-06-28,Unbekannt
793651182867552,Gimlet,Vodka-Cocktail,1,3,0.0,4,0,2007-06-28,Unbekannt
795981183194422,Caipirinha à la chefkoch,Der zeitlose Sommerhit,15,7,3.88,10,1,2018-12-11,188
7971878818,Pangalaktischer Donnergurgler,... erstes Rezept bei Chefkoch.de,14,7,4.35,10,1,2000-10-18,Unbekannt
798751183535537,Aperol Slammer,Fancy Cocktails,0,1,2.33,3,0,2007-07-04,Unbekannt
799411183558141,Honolulu Cooler,Fancy Cocktails,0,1,3.0,5,0,2007-07-04,Unbekannt
806781184505748,B 39,leckerer Shot! Schnapsgetränk,0,1,0.0,5,0,2007-07-15,Unbekannt
80791031472190,Cocokid,Kokoscoctail ohne Alkohol,4,2,3.75,5,0,2002-09-18,Unbekannt
81041031658387,Wilder Sex,Unbekannt,11,2,3.55,3,0,2002-09-18,Unbekannt
812231185373350,Aperol Sour,Sours,11,3,4.56,3,0,2007-07-25,Unbekannt
818561186386449,Bio Caipirinha,Brasilianische Methode um Caipirinha herzustellen,0,1,0.0,5,0,2007-08-06,Unbekannt
819731186482474,Desiree Colada,"typischer, sahniger Ladys Cocktail",1,1,3.5,5,0,2007-08-07,Unbekannt
820531186559397,Welcomer,"Begrüßungsdrink mit Wermut, Campari und Orangensaft",3,1,3.7,2,0,2007-08-08,59
823871187072478,Gin Fix,Shortdrink,2,8,0.0,2,0,2007-08-14,Unbekannt
823911187073147,The Bacardi Cocktail,Shortdrink,0,1,3.0,2,0,2007-08-14,Unbekannt
830101187620131,Blue Lady,Unbekannt,3,4,3.88,2,0,2007-08-20,Unbekannt
83621032796870,Swimming Pool,Unbekannt,2,1,2.67,5,0,2002-09-24,Unbekannt
83941032940414,Sunburst,Smoothie,11,2,3.58,15,0,2002-09-30,Unbekannt
84321033051119,Night in blue,Coktail,4,3,3.67,5,0,2002-09-30,Unbekannt
843861189609494,Lächelnde Liebe  ( Pousse Café ),Unbekannt,0,3,0.0,2,0,2007-09-12,170
849451190379310,Bahama - Mama,Rumcocktail,2,2,3.25,3,0,2007-09-21,Unbekannt
85311033461656,Between the Sheets,Aperitif,1,1,3.33,5,0,2002-10-02,Unbekannt
85321033461757,Hemingway,Unbekannt,4,2,3.25,5,0,2002-10-02,Unbekannt
855741191050332,Ti Punch oder P'tit Punch,Rumcocktail von den franz. Antillen - sehr kräftig,3,45,0.0,5,0,2007-09-29,Unbekannt
85771033568432,Autofahrer Cocktail mit Zuckerrand,Unbekannt,12,2,3.85,15,0,2002-10-04,136
869741192387593,Tomate,Pastis - Cocktail mit Grenadine - Sirup,2,1,3.67,2,0,2007-10-15,Unbekannt
87031034087403,Frozen Banana Daiquiri,Unbekannt,3,2,3.75,2,0,2002-10-10,Unbekannt
872471192628745,Ugly Eric,Unbekannt,12,10,3.77,3,0,2007-10-17,Unbekannt
876351193058171,Zitronen - Sekt - Cocktail mit Erdbeeren,zum Osterbrunch,18,6,4.56,20,0,2007-10-22,Unbekannt
87641034257959,Orangen - Buttermilch - Shake,Unbekannt,3,2,3.25,10,1,2002-10-11,Unbekannt
87651034258049,Prärie - Auster,Unbekannt,2,2,3.0,10,0,2002-10-11,Unbekannt
87671034258257,Rosy Pippin,Unbekannt,2,1,3.6,5,1,2002-10-11,Unbekannt
87681034258377,Nursery Fizz,Unbekannt,3,2,3.5,5,1,2002-10-11,Unbekannt
87731034259595,Joghurt - Fizz,Unbekannt,1,1,2.67,5,1,2002-10-11,Unbekannt
87761034346386,Negroni,Unbekannt,0,1,0.0,5,1,2002-10-14,Unbekannt
87791034348925,Bourbon Mint Julep,Unbekannt,2,1,3.6,5,1,2002-10-14,Unbekannt
877951193217658,Pink Sherbet Royale,Sektcocktail für besondere Anlässe,2,6,3.63,5,0,2007-10-24,Unbekannt
889871194511804,Strawberry Cosmopolitan,Unbekannt,1,1,3.25,5,0,2007-11-08,195
893261194865832,Helgoländer,was zum Wegschlürfen....,6,5,3.75,2,0,2007-11-12,Unbekannt
907601195995490,Batida de Morango,Cocktail mit Cachaca,0,1,3.75,5,0,2007-11-25,Unbekannt
91011035460233,Presidente,Unbekannt,0,1,0.0,2,0,2002-11-14,Unbekannt
910751196251005,B 52,Cocktail mit Likör,2,1,2.67,5,0,2007-11-28,Unbekannt
914061196712918,Ufo,Cocktail,2,1,3.88,5,0,2007-12-04,Unbekannt
91591035807457,HSV,Unbekannt,6,1,2.33,2,0,2002-11-16,Unbekannt
91771035882279,Rüeblishake,Unbekannt,1,1,3.33,5,0,2005-05-19,Unbekannt
92051036143521,Mojito,Cocktail,10,1,3.23,4,1,2002-11-20,Unbekannt
92161036226225,Choco Mystery,alkoholfrei,1,1,0.0,2,0,2002-11-20,Unbekannt
92171036238316,Orange Fresh,alkoholfrei,2,2,3.5,2,0,2002-11-20,Unbekannt
92191036238829,Javatraum,alkoholfrei,4,1,3.67,2,0,2002-11-20,Unbekannt
92201036251454,Berlin,alkoholfrei,6,2,3.5,2,0,2002-11-20,Unbekannt
92221036251898,Sonnenaufgang,alkoholfrei,3,1,3.5,2,0,2002-11-20,Unbekannt
92231036252048,Tango Girl,alkoholfrei,2,1,3.17,2,0,2002-11-20,Unbekannt
92241036252187,Coconut on Holidays,alkoholfrei,2,4,3.63,2,0,2002-11-22,Unbekannt
92251036252888,Honolulu Star,alkoholfrei,2,1,3.67,2,0,2002-11-22,Unbekannt
92261036255708,Tells Schuss,alkoholfrei,1,1,3.0,2,0,2002-11-22,Unbekannt
92271036255848,L’arbre du Ciel,alkoholfrei,2,1,3.8,2,0,2002-11-22,Unbekannt
928341198136922,Steffis Holundrinha,"Für alle, denen Caipirinha zu limettig ist",4,3,3.67,10,0,2007-12-20,Unbekannt
936731199292204,Mai Tai,alle Zutaten gibt es beim Discounter,1,2,2.75,5,0,2008-01-04,Unbekannt
940051199630155,B52 mal anders....,Unbekannt,2,3,3.6,2,0,2008-01-06,Unbekannt
946891200237621,Kahlùa Daiquiri,Coole Mischung aus Strandurlaub und Latino - Rhytmen,1,1,3.2,5,0,2008-01-13,Unbekannt
948988461561,Acapulco Dream,Unbekannt,13,5,3.71,10,0,2001-04-22,Unbekannt
950988462195,Virgin Colada,Unbekannt,7,4,3.83,10,0,2001-04-22,Unbekannt
952531200829653,Weiße Rose,Unbekannt,2,4,3.6,10,0,2008-01-20,Unbekannt
961091201695757,Cosmopolitan,Orginal SATC,15,5,3.93,2,0,2008-01-30,Unbekannt
964988469279,Americano,Unbekannt,7,1,3.5,2,0,2001-04-23,Unbekannt
965988469423,Martini-Cocktail,Unbekannt,10,6,3.0,2,0,2001-04-23,Unbekannt
974961203095165,Sprizz Martini,zum Aperitif oder als Cocktail,8,1,4.07,2,0,2008-02-16,Unbekannt
